﻿<?xml version="1.0" encoding="utf-8"?>
<DataSchemaModel FileFormatVersion="1.2" SchemaVersion="2.5" DspName="Microsoft.Data.Tools.Schema.Sql.Sql130DatabaseSchemaProvider" CollationLcid="1033" CollationCaseSensitive="False" xmlns="http://schemas.microsoft.com/sqlserver/dac/Serialization/2012/02">
	<Model>
		<Element Type="SqlDatabaseOptions">
			<Property Name="Collation" Value="SQL_Latin1_General_CP1_CI_AS" />
			<Property Name="IsAnsiPaddingOn" Value="False" />
			<Property Name="IsQuotedIdentifierOn" Value="False" />
			<Property Name="IsCursorDefaultScopeGlobal" Value="True" />
			<Property Name="IsAutoCloseOn" Value="True" />
			<Property Name="IsAutoShrinkOn" Value="True" />
			<Property Name="IsTornPageProtectionOn" Value="False" />
			<Property Name="RecoveryMode" Value="1" />
			<Property Name="IsFullTextEnabled" Value="True" />
			<Property Name="ServiceBrokerOption" Value="1" />
			<Property Name="TargetRecoveryTimePeriod" Value="60" />
			<Relationship Name="DefaultFilegroup">
				<Entry>
					<References ExternalSource="BuiltIns" Name="[PRIMARY]" />
				</Entry>
			</Relationship>
		</Element>
		<Element Type="SqlDmlTrigger" Name="[dbo].[ComputTotal]">
			<Property Name="IsInsertTrigger" Value="True" />
			<Property Name="IsUpdateTrigger" Value="True" />
			<Property Name="IsDeleteTrigger" Value="True" />
			<Property Name="SqlTriggerType" Value="2" />
			<Property Name="BodyScript">
				<Value QuotedIdentifiers="True" AnsiNulls="True"><![CDATA[ 
BEGIN
	-- SET NOCOUNT ON added to prevent extra result sets from
	-- interfering with SELECT statements.
	SET NOCOUNT ON
	update tbCart SET disc = ((price*qty) * disc_percent *  0.01)
	update tbCart SET total = (price*qty)-disc

    -- Insert statements for trigger here

END]]></Value>
			</Property>
			<Property Name="IsAnsiNullsOn" Value="True" />
			<Relationship Name="BodyDependencies">
				<Entry>
					<References Name="[dbo].[tbCart]" />
				</Entry>
				<Entry>
					<References Name="[dbo].[tbCart].[disc]" />
				</Entry>
				<Entry>
					<References Name="[dbo].[tbCart].[price]" />
				</Entry>
				<Entry>
					<References Name="[dbo].[tbCart].[qty]" />
				</Entry>
				<Entry>
					<References Name="[dbo].[tbCart].[disc_percent]" />
				</Entry>
				<Entry>
					<References Name="[dbo].[tbCart].[total]" />
				</Entry>
			</Relationship>
			<Relationship Name="Parent">
				<Entry>
					<References Name="[dbo].[tbCart]" />
				</Entry>
			</Relationship>
			<Annotation Type="SysCommentsObjectAnnotation">
				<Property Name="CreateOffset" Value="194" />
				<Property Name="Length" Value="572" />
				<Property Name="StartLine" Value="1" />
				<Property Name="StartColumn" Value="1" />
				<Property Name="HeaderContents" Value="-- =============================================&#xD;&#xA;-- Author:&#x9;&#x9;&lt;Author,,Name&gt;&#xD;&#xA;-- Create date: &lt;Create Date,,&gt;&#xD;&#xA;-- Description:&#x9;&lt;Description,,&gt;&#xD;&#xA;-- =============================================&#xD;&#xA;CREATE TRIGGER [dbo].[ComputTotal]&#xD;&#xA;   ON [dbo].[tbCart]&#xD;&#xA;   AFTER INSERT,DELETE,UPDATE&#xD;&#xA;AS" />
			</Annotation>
		</Element>
		<Element Type="SqlDefaultConstraint" Name="[dbo].[DF_tbCart_disc]">
			<Property Name="DefaultExpressionScript">
				<Value><![CDATA[((0))]]></Value>
			</Property>
			<Relationship Name="DefiningTable">
				<Entry>
					<References Name="[dbo].[tbCart]" />
				</Entry>
			</Relationship>
			<Relationship Name="ForColumn">
				<Entry>
					<References Name="[dbo].[tbCart].[disc]" />
				</Entry>
			</Relationship>
		</Element>
		<Element Type="SqlDefaultConstraint" Name="[dbo].[DF_tbCart_disc_percent]">
			<Property Name="DefaultExpressionScript">
				<Value><![CDATA[((0))]]></Value>
			</Property>
			<Relationship Name="DefiningTable">
				<Entry>
					<References Name="[dbo].[tbCart]" />
				</Entry>
			</Relationship>
			<Relationship Name="ForColumn">
				<Entry>
					<References Name="[dbo].[tbCart].[disc_percent]" />
				</Entry>
			</Relationship>
		</Element>
		<Element Type="SqlDefaultConstraint" Name="[dbo].[DF_tbCart_qty]">
			<Property Name="DefaultExpressionScript">
				<Value><![CDATA[((0))]]></Value>
			</Property>
			<Relationship Name="DefiningTable">
				<Entry>
					<References Name="[dbo].[tbCart]" />
				</Entry>
			</Relationship>
			<Relationship Name="ForColumn">
				<Entry>
					<References Name="[dbo].[tbCart].[qty]" />
				</Entry>
			</Relationship>
		</Element>
		<Element Type="SqlDefaultConstraint" Name="[dbo].[DF_tbCart_status]">
			<Property Name="DefaultExpressionScript">
				<Value><![CDATA[('Pending')]]></Value>
			</Property>
			<Relationship Name="DefiningTable">
				<Entry>
					<References Name="[dbo].[tbCart]" />
				</Entry>
			</Relationship>
			<Relationship Name="ForColumn">
				<Entry>
					<References Name="[dbo].[tbCart].[status]" />
				</Entry>
			</Relationship>
		</Element>
		<Element Type="SqlDefaultConstraint" Name="[dbo].[DF_tbProduct_qty]">
			<Property Name="DefaultExpressionScript">
				<Value><![CDATA[((0))]]></Value>
			</Property>
			<Relationship Name="DefiningTable">
				<Entry>
					<References Name="[dbo].[tbProduct]" />
				</Entry>
			</Relationship>
			<Relationship Name="ForColumn">
				<Entry>
					<References Name="[dbo].[tbProduct].[qty]" />
				</Entry>
			</Relationship>
		</Element>
		<Element Type="SqlDefaultConstraint" Name="[dbo].[DF_tbStockIn_qty]">
			<Property Name="DefaultExpressionScript">
				<Value><![CDATA[((0))]]></Value>
			</Property>
			<Relationship Name="DefiningTable">
				<Entry>
					<References Name="[dbo].[tbStockIn]" />
				</Entry>
			</Relationship>
			<Relationship Name="ForColumn">
				<Entry>
					<References Name="[dbo].[tbStockIn].[qty]" />
				</Entry>
			</Relationship>
		</Element>
		<Element Type="SqlDefaultConstraint" Name="[dbo].[DF_tbStockIn_status]">
			<Property Name="DefaultExpressionScript">
				<Value><![CDATA[('Pending')]]></Value>
			</Property>
			<Relationship Name="DefiningTable">
				<Entry>
					<References Name="[dbo].[tbStockIn]" />
				</Entry>
			</Relationship>
			<Relationship Name="ForColumn">
				<Entry>
					<References Name="[dbo].[tbStockIn].[status]" />
				</Entry>
			</Relationship>
		</Element>
		<Element Type="SqlDefaultConstraint" Name="[dbo].[DF_tbUser_isactive]">
			<Property Name="DefaultExpressionScript">
				<Value><![CDATA[('True')]]></Value>
			</Property>
			<Relationship Name="DefiningTable">
				<Entry>
					<References Name="[dbo].[tbUser]" />
				</Entry>
			</Relationship>
			<Relationship Name="ForColumn">
				<Entry>
					<References Name="[dbo].[tbUser].[isactivate]" />
				</Entry>
			</Relationship>
		</Element>
		<Element Type="SqlForeignKeyConstraint" Name="[dbo].[FK_tbCart_tbProduct]">
			<Relationship Name="Columns">
				<Entry>
					<References Name="[dbo].[tbCart].[pcode]" />
				</Entry>
			</Relationship>
			<Relationship Name="DefiningTable">
				<Entry>
					<References Name="[dbo].[tbCart]" />
				</Entry>
			</Relationship>
			<Relationship Name="ForeignColumns">
				<Entry>
					<References Name="[dbo].[tbProduct].[pcode]" />
				</Entry>
			</Relationship>
			<Relationship Name="ForeignTable">
				<Entry>
					<References Name="[dbo].[tbProduct]" />
				</Entry>
			</Relationship>
		</Element>
		<Element Type="SqlForeignKeyConstraint" Name="[dbo].[FK_tbProduct_tbBrand]">
			<Relationship Name="Columns">
				<Entry>
					<References Name="[dbo].[tbProduct].[bid]" />
				</Entry>
			</Relationship>
			<Relationship Name="DefiningTable">
				<Entry>
					<References Name="[dbo].[tbProduct]" />
				</Entry>
			</Relationship>
			<Relationship Name="ForeignColumns">
				<Entry>
					<References Name="[dbo].[tbBrand].[id]" />
				</Entry>
			</Relationship>
			<Relationship Name="ForeignTable">
				<Entry>
					<References Name="[dbo].[tbBrand]" />
				</Entry>
			</Relationship>
		</Element>
		<Element Type="SqlForeignKeyConstraint" Name="[dbo].[FK_tbStockIn_tbProduct]">
			<Relationship Name="Columns">
				<Entry>
					<References Name="[dbo].[tbStockIn].[pcode]" />
				</Entry>
			</Relationship>
			<Relationship Name="DefiningTable">
				<Entry>
					<References Name="[dbo].[tbStockIn]" />
				</Entry>
			</Relationship>
			<Relationship Name="ForeignColumns">
				<Entry>
					<References Name="[dbo].[tbProduct].[pcode]" />
				</Entry>
			</Relationship>
			<Relationship Name="ForeignTable">
				<Entry>
					<References Name="[dbo].[tbProduct]" />
				</Entry>
			</Relationship>
		</Element>
		<Element Type="SqlForeignKeyConstraint" Name="[dbo].[FK_tbStockIn_tbSupplier]">
			<Relationship Name="Columns">
				<Entry>
					<References Name="[dbo].[tbStockIn].[supplierid]" />
				</Entry>
			</Relationship>
			<Relationship Name="DefiningTable">
				<Entry>
					<References Name="[dbo].[tbStockIn]" />
				</Entry>
			</Relationship>
			<Relationship Name="ForeignColumns">
				<Entry>
					<References Name="[dbo].[tbSupplier].[id]" />
				</Entry>
			</Relationship>
			<Relationship Name="ForeignTable">
				<Entry>
					<References Name="[dbo].[tbSupplier]" />
				</Entry>
			</Relationship>
		</Element>
		<Element Type="SqlPrimaryKeyConstraint" Name="[dbo].[PK_tbAdjustment]">
			<Relationship Name="ColumnSpecifications">
				<Entry>
					<Element Type="SqlIndexedColumnSpecification">
						<Relationship Name="Column">
							<Entry>
								<References Name="[dbo].[tbAdjustment].[id]" />
							</Entry>
						</Relationship>
					</Element>
				</Entry>
			</Relationship>
			<Relationship Name="DefiningTable">
				<Entry>
					<References Name="[dbo].[tbAdjustment]" />
				</Entry>
			</Relationship>
		</Element>
		<Element Type="SqlPrimaryKeyConstraint" Name="[dbo].[PK_tbBrand]">
			<Relationship Name="ColumnSpecifications">
				<Entry>
					<Element Type="SqlIndexedColumnSpecification">
						<Relationship Name="Column">
							<Entry>
								<References Name="[dbo].[tbBrand].[id]" />
							</Entry>
						</Relationship>
					</Element>
				</Entry>
			</Relationship>
			<Relationship Name="DefiningTable">
				<Entry>
					<References Name="[dbo].[tbBrand]" />
				</Entry>
			</Relationship>
		</Element>
		<Element Type="SqlPrimaryKeyConstraint" Name="[dbo].[PK_tbCancel]">
			<Relationship Name="ColumnSpecifications">
				<Entry>
					<Element Type="SqlIndexedColumnSpecification">
						<Relationship Name="Column">
							<Entry>
								<References Name="[dbo].[tbCancel].[id]" />
							</Entry>
						</Relationship>
					</Element>
				</Entry>
			</Relationship>
			<Relationship Name="DefiningTable">
				<Entry>
					<References Name="[dbo].[tbCancel]" />
				</Entry>
			</Relationship>
		</Element>
		<Element Type="SqlPrimaryKeyConstraint" Name="[dbo].[PK_tbCart]">
			<Relationship Name="ColumnSpecifications">
				<Entry>
					<Element Type="SqlIndexedColumnSpecification">
						<Relationship Name="Column">
							<Entry>
								<References Name="[dbo].[tbCart].[id]" />
							</Entry>
						</Relationship>
					</Element>
				</Entry>
			</Relationship>
			<Relationship Name="DefiningTable">
				<Entry>
					<References Name="[dbo].[tbCart]" />
				</Entry>
			</Relationship>
		</Element>
		<Element Type="SqlPrimaryKeyConstraint" Name="[dbo].[PK_tbCategory]">
			<Relationship Name="ColumnSpecifications">
				<Entry>
					<Element Type="SqlIndexedColumnSpecification">
						<Relationship Name="Column">
							<Entry>
								<References Name="[dbo].[tbCategory].[id]" />
							</Entry>
						</Relationship>
					</Element>
				</Entry>
			</Relationship>
			<Relationship Name="DefiningTable">
				<Entry>
					<References Name="[dbo].[tbCategory]" />
				</Entry>
			</Relationship>
		</Element>
		<Element Type="SqlPrimaryKeyConstraint" Name="[dbo].[PK_tbProduct_1]">
			<Relationship Name="ColumnSpecifications">
				<Entry>
					<Element Type="SqlIndexedColumnSpecification">
						<Relationship Name="Column">
							<Entry>
								<References Name="[dbo].[tbProduct].[pcode]" />
							</Entry>
						</Relationship>
					</Element>
				</Entry>
			</Relationship>
			<Relationship Name="DefiningTable">
				<Entry>
					<References Name="[dbo].[tbProduct]" />
				</Entry>
			</Relationship>
		</Element>
		<Element Type="SqlPrimaryKeyConstraint" Name="[dbo].[PK_tbStockIn_1]">
			<Relationship Name="ColumnSpecifications">
				<Entry>
					<Element Type="SqlIndexedColumnSpecification">
						<Relationship Name="Column">
							<Entry>
								<References Name="[dbo].[tbStockIn].[id]" />
							</Entry>
						</Relationship>
					</Element>
				</Entry>
			</Relationship>
			<Relationship Name="DefiningTable">
				<Entry>
					<References Name="[dbo].[tbStockIn]" />
				</Entry>
			</Relationship>
		</Element>
		<Element Type="SqlPrimaryKeyConstraint" Name="[dbo].[PK_tbSupplier_1]">
			<Relationship Name="ColumnSpecifications">
				<Entry>
					<Element Type="SqlIndexedColumnSpecification">
						<Relationship Name="Column">
							<Entry>
								<References Name="[dbo].[tbSupplier].[id]" />
							</Entry>
						</Relationship>
					</Element>
				</Entry>
			</Relationship>
			<Relationship Name="DefiningTable">
				<Entry>
					<References Name="[dbo].[tbSupplier]" />
				</Entry>
			</Relationship>
		</Element>
		<Element Type="SqlPrimaryKeyConstraint" Name="[dbo].[PK_tbUser]">
			<Relationship Name="ColumnSpecifications">
				<Entry>
					<Element Type="SqlIndexedColumnSpecification">
						<Relationship Name="Column">
							<Entry>
								<References Name="[dbo].[tbUser].[username]" />
							</Entry>
						</Relationship>
					</Element>
				</Entry>
			</Relationship>
			<Relationship Name="DefiningTable">
				<Entry>
					<References Name="[dbo].[tbUser]" />
				</Entry>
			</Relationship>
		</Element>
		<Element Type="SqlTable" Name="[dbo].[tbAdjustment]">
			<Property Name="IsAnsiNullsOn" Value="True" />
			<Relationship Name="Columns">
				<Entry>
					<Element Type="SqlSimpleColumn" Name="[dbo].[tbAdjustment].[id]">
						<Property Name="IsNullable" Value="False" />
						<Property Name="IsIdentity" Value="True" />
						<Relationship Name="TypeSpecifier">
							<Entry>
								<Element Type="SqlTypeSpecifier">
									<Relationship Name="Type">
										<Entry>
											<References ExternalSource="BuiltIns" Name="[int]" />
										</Entry>
									</Relationship>
								</Element>
							</Entry>
						</Relationship>
					</Element>
				</Entry>
				<Entry>
					<Element Type="SqlSimpleColumn" Name="[dbo].[tbAdjustment].[referenceno]">
						<Relationship Name="TypeSpecifier">
							<Entry>
								<Element Type="SqlTypeSpecifier">
									<Property Name="Length" Value="50" />
									<Relationship Name="Type">
										<Entry>
											<References ExternalSource="BuiltIns" Name="[varchar]" />
										</Entry>
									</Relationship>
								</Element>
							</Entry>
						</Relationship>
					</Element>
				</Entry>
				<Entry>
					<Element Type="SqlSimpleColumn" Name="[dbo].[tbAdjustment].[pcode]">
						<Relationship Name="TypeSpecifier">
							<Entry>
								<Element Type="SqlTypeSpecifier">
									<Property Name="Length" Value="50" />
									<Relationship Name="Type">
										<Entry>
											<References ExternalSource="BuiltIns" Name="[varchar]" />
										</Entry>
									</Relationship>
								</Element>
							</Entry>
						</Relationship>
					</Element>
				</Entry>
				<Entry>
					<Element Type="SqlSimpleColumn" Name="[dbo].[tbAdjustment].[qty]">
						<Relationship Name="TypeSpecifier">
							<Entry>
								<Element Type="SqlTypeSpecifier">
									<Relationship Name="Type">
										<Entry>
											<References ExternalSource="BuiltIns" Name="[int]" />
										</Entry>
									</Relationship>
								</Element>
							</Entry>
						</Relationship>
					</Element>
				</Entry>
				<Entry>
					<Element Type="SqlSimpleColumn" Name="[dbo].[tbAdjustment].[action]">
						<Relationship Name="TypeSpecifier">
							<Entry>
								<Element Type="SqlTypeSpecifier">
									<Property Name="Length" Value="50" />
									<Relationship Name="Type">
										<Entry>
											<References ExternalSource="BuiltIns" Name="[varchar]" />
										</Entry>
									</Relationship>
								</Element>
							</Entry>
						</Relationship>
					</Element>
				</Entry>
				<Entry>
					<Element Type="SqlSimpleColumn" Name="[dbo].[tbAdjustment].[remarks]">
						<Relationship Name="TypeSpecifier">
							<Entry>
								<Element Type="SqlTypeSpecifier">
									<Property Name="Length" Value="50" />
									<Relationship Name="Type">
										<Entry>
											<References ExternalSource="BuiltIns" Name="[varchar]" />
										</Entry>
									</Relationship>
								</Element>
							</Entry>
						</Relationship>
					</Element>
				</Entry>
				<Entry>
					<Element Type="SqlSimpleColumn" Name="[dbo].[tbAdjustment].[sdate]">
						<Relationship Name="TypeSpecifier">
							<Entry>
								<Element Type="SqlTypeSpecifier">
									<Relationship Name="Type">
										<Entry>
											<References ExternalSource="BuiltIns" Name="[date]" />
										</Entry>
									</Relationship>
								</Element>
							</Entry>
						</Relationship>
					</Element>
				</Entry>
				<Entry>
					<Element Type="SqlSimpleColumn" Name="[dbo].[tbAdjustment].[user]">
						<Relationship Name="TypeSpecifier">
							<Entry>
								<Element Type="SqlTypeSpecifier">
									<Property Name="Length" Value="50" />
									<Relationship Name="Type">
										<Entry>
											<References ExternalSource="BuiltIns" Name="[varchar]" />
										</Entry>
									</Relationship>
								</Element>
							</Entry>
						</Relationship>
					</Element>
				</Entry>
			</Relationship>
			<Relationship Name="Schema">
				<Entry>
					<References ExternalSource="BuiltIns" Name="[dbo]" />
				</Entry>
			</Relationship>
		</Element>
		<Element Type="SqlTable" Name="[dbo].[tbBrand]">
			<Property Name="IsAnsiNullsOn" Value="True" />
			<Relationship Name="Columns">
				<Entry>
					<Element Type="SqlSimpleColumn" Name="[dbo].[tbBrand].[id]">
						<Property Name="IsNullable" Value="False" />
						<Property Name="IsIdentity" Value="True" />
						<Relationship Name="TypeSpecifier">
							<Entry>
								<Element Type="SqlTypeSpecifier">
									<Relationship Name="Type">
										<Entry>
											<References ExternalSource="BuiltIns" Name="[int]" />
										</Entry>
									</Relationship>
								</Element>
							</Entry>
						</Relationship>
						<Annotation Type="OnlinePropertyAnnotation" Name="[LastValue]">
							<Property Name="Value" Value="17" />
						</Annotation>
					</Element>
				</Entry>
				<Entry>
					<Element Type="SqlSimpleColumn" Name="[dbo].[tbBrand].[brand]">
						<Property Name="IsNullable" Value="False" />
						<Relationship Name="TypeSpecifier">
							<Entry>
								<Element Type="SqlTypeSpecifier">
									<Property Name="Length" Value="50" />
									<Relationship Name="Type">
										<Entry>
											<References ExternalSource="BuiltIns" Name="[varchar]" />
										</Entry>
									</Relationship>
								</Element>
							</Entry>
						</Relationship>
					</Element>
				</Entry>
			</Relationship>
			<Relationship Name="Schema">
				<Entry>
					<References ExternalSource="BuiltIns" Name="[dbo]" />
				</Entry>
			</Relationship>
		</Element>
		<Element Type="SqlTable" Name="[dbo].[tbCancel]">
			<Property Name="IsAnsiNullsOn" Value="True" />
			<Relationship Name="Columns">
				<Entry>
					<Element Type="SqlSimpleColumn" Name="[dbo].[tbCancel].[id]">
						<Property Name="IsNullable" Value="False" />
						<Property Name="IsIdentity" Value="True" />
						<Relationship Name="TypeSpecifier">
							<Entry>
								<Element Type="SqlTypeSpecifier">
									<Relationship Name="Type">
										<Entry>
											<References ExternalSource="BuiltIns" Name="[int]" />
										</Entry>
									</Relationship>
								</Element>
							</Entry>
						</Relationship>
						<Annotation Type="OnlinePropertyAnnotation" Name="[LastValue]">
							<Property Name="Value" Value="3" />
						</Annotation>
					</Element>
				</Entry>
				<Entry>
					<Element Type="SqlSimpleColumn" Name="[dbo].[tbCancel].[transno]">
						<Relationship Name="TypeSpecifier">
							<Entry>
								<Element Type="SqlTypeSpecifier">
									<Property Name="Length" Value="50" />
									<Relationship Name="Type">
										<Entry>
											<References ExternalSource="BuiltIns" Name="[varchar]" />
										</Entry>
									</Relationship>
								</Element>
							</Entry>
						</Relationship>
					</Element>
				</Entry>
				<Entry>
					<Element Type="SqlSimpleColumn" Name="[dbo].[tbCancel].[pcode]">
						<Relationship Name="TypeSpecifier">
							<Entry>
								<Element Type="SqlTypeSpecifier">
									<Property Name="Length" Value="50" />
									<Relationship Name="Type">
										<Entry>
											<References ExternalSource="BuiltIns" Name="[varchar]" />
										</Entry>
									</Relationship>
								</Element>
							</Entry>
						</Relationship>
					</Element>
				</Entry>
				<Entry>
					<Element Type="SqlSimpleColumn" Name="[dbo].[tbCancel].[price]">
						<Relationship Name="TypeSpecifier">
							<Entry>
								<Element Type="SqlTypeSpecifier">
									<Property Name="Scale" Value="2" />
									<Property Name="Precision" Value="18" />
									<Relationship Name="Type">
										<Entry>
											<References ExternalSource="BuiltIns" Name="[decimal]" />
										</Entry>
									</Relationship>
								</Element>
							</Entry>
						</Relationship>
					</Element>
				</Entry>
				<Entry>
					<Element Type="SqlSimpleColumn" Name="[dbo].[tbCancel].[qty]">
						<Relationship Name="TypeSpecifier">
							<Entry>
								<Element Type="SqlTypeSpecifier">
									<Relationship Name="Type">
										<Entry>
											<References ExternalSource="BuiltIns" Name="[int]" />
										</Entry>
									</Relationship>
								</Element>
							</Entry>
						</Relationship>
					</Element>
				</Entry>
				<Entry>
					<Element Type="SqlSimpleColumn" Name="[dbo].[tbCancel].[total]">
						<Relationship Name="TypeSpecifier">
							<Entry>
								<Element Type="SqlTypeSpecifier">
									<Property Name="Scale" Value="2" />
									<Property Name="Precision" Value="18" />
									<Relationship Name="Type">
										<Entry>
											<References ExternalSource="BuiltIns" Name="[decimal]" />
										</Entry>
									</Relationship>
								</Element>
							</Entry>
						</Relationship>
					</Element>
				</Entry>
				<Entry>
					<Element Type="SqlSimpleColumn" Name="[dbo].[tbCancel].[sdate]">
						<Relationship Name="TypeSpecifier">
							<Entry>
								<Element Type="SqlTypeSpecifier">
									<Relationship Name="Type">
										<Entry>
											<References ExternalSource="BuiltIns" Name="[date]" />
										</Entry>
									</Relationship>
								</Element>
							</Entry>
						</Relationship>
					</Element>
				</Entry>
				<Entry>
					<Element Type="SqlSimpleColumn" Name="[dbo].[tbCancel].[voidby]">
						<Relationship Name="TypeSpecifier">
							<Entry>
								<Element Type="SqlTypeSpecifier">
									<Property Name="Length" Value="50" />
									<Relationship Name="Type">
										<Entry>
											<References ExternalSource="BuiltIns" Name="[varchar]" />
										</Entry>
									</Relationship>
								</Element>
							</Entry>
						</Relationship>
					</Element>
				</Entry>
				<Entry>
					<Element Type="SqlSimpleColumn" Name="[dbo].[tbCancel].[cancelledby]">
						<Relationship Name="TypeSpecifier">
							<Entry>
								<Element Type="SqlTypeSpecifier">
									<Property Name="Length" Value="50" />
									<Relationship Name="Type">
										<Entry>
											<References ExternalSource="BuiltIns" Name="[varchar]" />
										</Entry>
									</Relationship>
								</Element>
							</Entry>
						</Relationship>
					</Element>
				</Entry>
				<Entry>
					<Element Type="SqlSimpleColumn" Name="[dbo].[tbCancel].[reason]">
						<Relationship Name="TypeSpecifier">
							<Entry>
								<Element Type="SqlTypeSpecifier">
									<Relationship Name="Type">
										<Entry>
											<References ExternalSource="BuiltIns" Name="[text]" />
										</Entry>
									</Relationship>
								</Element>
							</Entry>
						</Relationship>
					</Element>
				</Entry>
				<Entry>
					<Element Type="SqlSimpleColumn" Name="[dbo].[tbCancel].[action]">
						<Relationship Name="TypeSpecifier">
							<Entry>
								<Element Type="SqlTypeSpecifier">
									<Property Name="Length" Value="50" />
									<Relationship Name="Type">
										<Entry>
											<References ExternalSource="BuiltIns" Name="[varchar]" />
										</Entry>
									</Relationship>
								</Element>
							</Entry>
						</Relationship>
					</Element>
				</Entry>
			</Relationship>
			<Relationship Name="Schema">
				<Entry>
					<References ExternalSource="BuiltIns" Name="[dbo]" />
				</Entry>
			</Relationship>
		</Element>
		<Element Type="SqlTable" Name="[dbo].[tbCart]">
			<Property Name="IsAnsiNullsOn" Value="True" />
			<Relationship Name="Columns">
				<Entry>
					<Element Type="SqlSimpleColumn" Name="[dbo].[tbCart].[id]">
						<Property Name="IsNullable" Value="False" />
						<Property Name="IsIdentity" Value="True" />
						<Relationship Name="TypeSpecifier">
							<Entry>
								<Element Type="SqlTypeSpecifier">
									<Relationship Name="Type">
										<Entry>
											<References ExternalSource="BuiltIns" Name="[int]" />
										</Entry>
									</Relationship>
								</Element>
							</Entry>
						</Relationship>
						<Annotation Type="OnlinePropertyAnnotation" Name="[LastValue]">
							<Property Name="Value" Value="1049" />
						</Annotation>
					</Element>
				</Entry>
				<Entry>
					<Element Type="SqlSimpleColumn" Name="[dbo].[tbCart].[transno]">
						<Relationship Name="TypeSpecifier">
							<Entry>
								<Element Type="SqlTypeSpecifier">
									<Property Name="Length" Value="50" />
									<Relationship Name="Type">
										<Entry>
											<References ExternalSource="BuiltIns" Name="[varchar]" />
										</Entry>
									</Relationship>
								</Element>
							</Entry>
						</Relationship>
					</Element>
				</Entry>
				<Entry>
					<Element Type="SqlSimpleColumn" Name="[dbo].[tbCart].[pcode]">
						<Relationship Name="TypeSpecifier">
							<Entry>
								<Element Type="SqlTypeSpecifier">
									<Property Name="Length" Value="50" />
									<Relationship Name="Type">
										<Entry>
											<References ExternalSource="BuiltIns" Name="[varchar]" />
										</Entry>
									</Relationship>
								</Element>
							</Entry>
						</Relationship>
					</Element>
				</Entry>
				<Entry>
					<Element Type="SqlSimpleColumn" Name="[dbo].[tbCart].[price]">
						<Relationship Name="TypeSpecifier">
							<Entry>
								<Element Type="SqlTypeSpecifier">
									<Property Name="Scale" Value="2" />
									<Property Name="Precision" Value="18" />
									<Relationship Name="Type">
										<Entry>
											<References ExternalSource="BuiltIns" Name="[decimal]" />
										</Entry>
									</Relationship>
								</Element>
							</Entry>
						</Relationship>
					</Element>
				</Entry>
				<Entry>
					<Element Type="SqlSimpleColumn" Name="[dbo].[tbCart].[qty]">
						<Relationship Name="TypeSpecifier">
							<Entry>
								<Element Type="SqlTypeSpecifier">
									<Relationship Name="Type">
										<Entry>
											<References ExternalSource="BuiltIns" Name="[int]" />
										</Entry>
									</Relationship>
								</Element>
							</Entry>
						</Relationship>
					</Element>
				</Entry>
				<Entry>
					<Element Type="SqlSimpleColumn" Name="[dbo].[tbCart].[disc_percent]">
						<Relationship Name="TypeSpecifier">
							<Entry>
								<Element Type="SqlTypeSpecifier">
									<Property Name="Scale" Value="2" />
									<Property Name="Precision" Value="18" />
									<Relationship Name="Type">
										<Entry>
											<References ExternalSource="BuiltIns" Name="[decimal]" />
										</Entry>
									</Relationship>
								</Element>
							</Entry>
						</Relationship>
					</Element>
				</Entry>
				<Entry>
					<Element Type="SqlSimpleColumn" Name="[dbo].[tbCart].[disc]">
						<Relationship Name="TypeSpecifier">
							<Entry>
								<Element Type="SqlTypeSpecifier">
									<Property Name="Scale" Value="2" />
									<Property Name="Precision" Value="18" />
									<Relationship Name="Type">
										<Entry>
											<References ExternalSource="BuiltIns" Name="[decimal]" />
										</Entry>
									</Relationship>
								</Element>
							</Entry>
						</Relationship>
					</Element>
				</Entry>
				<Entry>
					<Element Type="SqlSimpleColumn" Name="[dbo].[tbCart].[total]">
						<Relationship Name="TypeSpecifier">
							<Entry>
								<Element Type="SqlTypeSpecifier">
									<Property Name="Scale" Value="2" />
									<Property Name="Precision" Value="18" />
									<Relationship Name="Type">
										<Entry>
											<References ExternalSource="BuiltIns" Name="[decimal]" />
										</Entry>
									</Relationship>
								</Element>
							</Entry>
						</Relationship>
					</Element>
				</Entry>
				<Entry>
					<Element Type="SqlSimpleColumn" Name="[dbo].[tbCart].[sdate]">
						<Relationship Name="TypeSpecifier">
							<Entry>
								<Element Type="SqlTypeSpecifier">
									<Relationship Name="Type">
										<Entry>
											<References ExternalSource="BuiltIns" Name="[date]" />
										</Entry>
									</Relationship>
								</Element>
							</Entry>
						</Relationship>
					</Element>
				</Entry>
				<Entry>
					<Element Type="SqlSimpleColumn" Name="[dbo].[tbCart].[status]">
						<Relationship Name="TypeSpecifier">
							<Entry>
								<Element Type="SqlTypeSpecifier">
									<Property Name="Length" Value="50" />
									<Relationship Name="Type">
										<Entry>
											<References ExternalSource="BuiltIns" Name="[varchar]" />
										</Entry>
									</Relationship>
								</Element>
							</Entry>
						</Relationship>
					</Element>
				</Entry>
				<Entry>
					<Element Type="SqlSimpleColumn" Name="[dbo].[tbCart].[cashier]">
						<Relationship Name="TypeSpecifier">
							<Entry>
								<Element Type="SqlTypeSpecifier">
									<Property Name="Length" Value="50" />
									<Relationship Name="Type">
										<Entry>
											<References ExternalSource="BuiltIns" Name="[varchar]" />
										</Entry>
									</Relationship>
								</Element>
							</Entry>
						</Relationship>
					</Element>
				</Entry>
			</Relationship>
			<Relationship Name="Schema">
				<Entry>
					<References ExternalSource="BuiltIns" Name="[dbo]" />
				</Entry>
			</Relationship>
		</Element>
		<Element Type="SqlTable" Name="[dbo].[tbCategory]">
			<Property Name="IsAnsiNullsOn" Value="True" />
			<Relationship Name="Columns">
				<Entry>
					<Element Type="SqlSimpleColumn" Name="[dbo].[tbCategory].[id]">
						<Property Name="IsNullable" Value="False" />
						<Property Name="IsIdentity" Value="True" />
						<Relationship Name="TypeSpecifier">
							<Entry>
								<Element Type="SqlTypeSpecifier">
									<Relationship Name="Type">
										<Entry>
											<References ExternalSource="BuiltIns" Name="[int]" />
										</Entry>
									</Relationship>
								</Element>
							</Entry>
						</Relationship>
						<Annotation Type="OnlinePropertyAnnotation" Name="[LastValue]">
							<Property Name="Value" Value="8" />
						</Annotation>
					</Element>
				</Entry>
				<Entry>
					<Element Type="SqlSimpleColumn" Name="[dbo].[tbCategory].[category]">
						<Property Name="IsNullable" Value="False" />
						<Relationship Name="TypeSpecifier">
							<Entry>
								<Element Type="SqlTypeSpecifier">
									<Property Name="Length" Value="50" />
									<Relationship Name="Type">
										<Entry>
											<References ExternalSource="BuiltIns" Name="[varchar]" />
										</Entry>
									</Relationship>
								</Element>
							</Entry>
						</Relationship>
					</Element>
				</Entry>
			</Relationship>
			<Relationship Name="Schema">
				<Entry>
					<References ExternalSource="BuiltIns" Name="[dbo]" />
				</Entry>
			</Relationship>
		</Element>
		<Element Type="SqlTable" Name="[dbo].[tbProduct]">
			<Property Name="IsAnsiNullsOn" Value="True" />
			<Relationship Name="Columns">
				<Entry>
					<Element Type="SqlSimpleColumn" Name="[dbo].[tbProduct].[pcode]">
						<Property Name="IsNullable" Value="False" />
						<Relationship Name="TypeSpecifier">
							<Entry>
								<Element Type="SqlTypeSpecifier">
									<Property Name="Length" Value="50" />
									<Relationship Name="Type">
										<Entry>
											<References ExternalSource="BuiltIns" Name="[varchar]" />
										</Entry>
									</Relationship>
								</Element>
							</Entry>
						</Relationship>
					</Element>
				</Entry>
				<Entry>
					<Element Type="SqlSimpleColumn" Name="[dbo].[tbProduct].[barcode]">
						<Relationship Name="TypeSpecifier">
							<Entry>
								<Element Type="SqlTypeSpecifier">
									<Property Name="Length" Value="50" />
									<Relationship Name="Type">
										<Entry>
											<References ExternalSource="BuiltIns" Name="[varchar]" />
										</Entry>
									</Relationship>
								</Element>
							</Entry>
						</Relationship>
					</Element>
				</Entry>
				<Entry>
					<Element Type="SqlSimpleColumn" Name="[dbo].[tbProduct].[pdesc]">
						<Property Name="IsNullable" Value="False" />
						<Relationship Name="TypeSpecifier">
							<Entry>
								<Element Type="SqlTypeSpecifier">
									<Property Name="IsMax" Value="True" />
									<Relationship Name="Type">
										<Entry>
											<References ExternalSource="BuiltIns" Name="[varchar]" />
										</Entry>
									</Relationship>
								</Element>
							</Entry>
						</Relationship>
					</Element>
				</Entry>
				<Entry>
					<Element Type="SqlSimpleColumn" Name="[dbo].[tbProduct].[bid]">
						<Property Name="IsNullable" Value="False" />
						<Relationship Name="TypeSpecifier">
							<Entry>
								<Element Type="SqlTypeSpecifier">
									<Relationship Name="Type">
										<Entry>
											<References ExternalSource="BuiltIns" Name="[int]" />
										</Entry>
									</Relationship>
								</Element>
							</Entry>
						</Relationship>
					</Element>
				</Entry>
				<Entry>
					<Element Type="SqlSimpleColumn" Name="[dbo].[tbProduct].[cid]">
						<Property Name="IsNullable" Value="False" />
						<Relationship Name="TypeSpecifier">
							<Entry>
								<Element Type="SqlTypeSpecifier">
									<Relationship Name="Type">
										<Entry>
											<References ExternalSource="BuiltIns" Name="[int]" />
										</Entry>
									</Relationship>
								</Element>
							</Entry>
						</Relationship>
					</Element>
				</Entry>
				<Entry>
					<Element Type="SqlSimpleColumn" Name="[dbo].[tbProduct].[price]">
						<Property Name="IsNullable" Value="False" />
						<Relationship Name="TypeSpecifier">
							<Entry>
								<Element Type="SqlTypeSpecifier">
									<Property Name="Scale" Value="2" />
									<Property Name="Precision" Value="18" />
									<Relationship Name="Type">
										<Entry>
											<References ExternalSource="BuiltIns" Name="[decimal]" />
										</Entry>
									</Relationship>
								</Element>
							</Entry>
						</Relationship>
					</Element>
				</Entry>
				<Entry>
					<Element Type="SqlSimpleColumn" Name="[dbo].[tbProduct].[qty]">
						<Relationship Name="TypeSpecifier">
							<Entry>
								<Element Type="SqlTypeSpecifier">
									<Relationship Name="Type">
										<Entry>
											<References ExternalSource="BuiltIns" Name="[int]" />
										</Entry>
									</Relationship>
								</Element>
							</Entry>
						</Relationship>
					</Element>
				</Entry>
				<Entry>
					<Element Type="SqlSimpleColumn" Name="[dbo].[tbProduct].[reorder]">
						<Relationship Name="TypeSpecifier">
							<Entry>
								<Element Type="SqlTypeSpecifier">
									<Relationship Name="Type">
										<Entry>
											<References ExternalSource="BuiltIns" Name="[int]" />
										</Entry>
									</Relationship>
								</Element>
							</Entry>
						</Relationship>
					</Element>
				</Entry>
			</Relationship>
			<Relationship Name="Schema">
				<Entry>
					<References ExternalSource="BuiltIns" Name="[dbo]" />
				</Entry>
			</Relationship>
		</Element>
		<Element Type="SqlTable" Name="[dbo].[tbStockIn]">
			<Property Name="IsAnsiNullsOn" Value="True" />
			<Relationship Name="Columns">
				<Entry>
					<Element Type="SqlSimpleColumn" Name="[dbo].[tbStockIn].[id]">
						<Property Name="IsNullable" Value="False" />
						<Property Name="IsIdentity" Value="True" />
						<Relationship Name="TypeSpecifier">
							<Entry>
								<Element Type="SqlTypeSpecifier">
									<Relationship Name="Type">
										<Entry>
											<References ExternalSource="BuiltIns" Name="[int]" />
										</Entry>
									</Relationship>
								</Element>
							</Entry>
						</Relationship>
						<Annotation Type="OnlinePropertyAnnotation" Name="[LastValue]">
							<Property Name="Value" Value="48" />
						</Annotation>
					</Element>
				</Entry>
				<Entry>
					<Element Type="SqlSimpleColumn" Name="[dbo].[tbStockIn].[refno]">
						<Relationship Name="TypeSpecifier">
							<Entry>
								<Element Type="SqlTypeSpecifier">
									<Property Name="Length" Value="50" />
									<Relationship Name="Type">
										<Entry>
											<References ExternalSource="BuiltIns" Name="[varchar]" />
										</Entry>
									</Relationship>
								</Element>
							</Entry>
						</Relationship>
					</Element>
				</Entry>
				<Entry>
					<Element Type="SqlSimpleColumn" Name="[dbo].[tbStockIn].[pcode]">
						<Relationship Name="TypeSpecifier">
							<Entry>
								<Element Type="SqlTypeSpecifier">
									<Property Name="Length" Value="50" />
									<Relationship Name="Type">
										<Entry>
											<References ExternalSource="BuiltIns" Name="[varchar]" />
										</Entry>
									</Relationship>
								</Element>
							</Entry>
						</Relationship>
					</Element>
				</Entry>
				<Entry>
					<Element Type="SqlSimpleColumn" Name="[dbo].[tbStockIn].[qty]">
						<Relationship Name="TypeSpecifier">
							<Entry>
								<Element Type="SqlTypeSpecifier">
									<Relationship Name="Type">
										<Entry>
											<References ExternalSource="BuiltIns" Name="[int]" />
										</Entry>
									</Relationship>
								</Element>
							</Entry>
						</Relationship>
					</Element>
				</Entry>
				<Entry>
					<Element Type="SqlSimpleColumn" Name="[dbo].[tbStockIn].[sdate]">
						<Relationship Name="TypeSpecifier">
							<Entry>
								<Element Type="SqlTypeSpecifier">
									<Relationship Name="Type">
										<Entry>
											<References ExternalSource="BuiltIns" Name="[datetime]" />
										</Entry>
									</Relationship>
								</Element>
							</Entry>
						</Relationship>
					</Element>
				</Entry>
				<Entry>
					<Element Type="SqlSimpleColumn" Name="[dbo].[tbStockIn].[stockinby]">
						<Relationship Name="TypeSpecifier">
							<Entry>
								<Element Type="SqlTypeSpecifier">
									<Property Name="Length" Value="50" />
									<Relationship Name="Type">
										<Entry>
											<References ExternalSource="BuiltIns" Name="[varchar]" />
										</Entry>
									</Relationship>
								</Element>
							</Entry>
						</Relationship>
					</Element>
				</Entry>
				<Entry>
					<Element Type="SqlSimpleColumn" Name="[dbo].[tbStockIn].[status]">
						<Relationship Name="TypeSpecifier">
							<Entry>
								<Element Type="SqlTypeSpecifier">
									<Property Name="Length" Value="50" />
									<Relationship Name="Type">
										<Entry>
											<References ExternalSource="BuiltIns" Name="[varchar]" />
										</Entry>
									</Relationship>
								</Element>
							</Entry>
						</Relationship>
					</Element>
				</Entry>
				<Entry>
					<Element Type="SqlSimpleColumn" Name="[dbo].[tbStockIn].[supplierid]">
						<Relationship Name="TypeSpecifier">
							<Entry>
								<Element Type="SqlTypeSpecifier">
									<Relationship Name="Type">
										<Entry>
											<References ExternalSource="BuiltIns" Name="[int]" />
										</Entry>
									</Relationship>
								</Element>
							</Entry>
						</Relationship>
					</Element>
				</Entry>
			</Relationship>
			<Relationship Name="Schema">
				<Entry>
					<References ExternalSource="BuiltIns" Name="[dbo]" />
				</Entry>
			</Relationship>
		</Element>
		<Element Type="SqlTable" Name="[dbo].[tbStore]">
			<Property Name="IsAnsiNullsOn" Value="True" />
			<Relationship Name="Columns">
				<Entry>
					<Element Type="SqlSimpleColumn" Name="[dbo].[tbStore].[store]">
						<Property Name="IsNullable" Value="False" />
						<Relationship Name="TypeSpecifier">
							<Entry>
								<Element Type="SqlTypeSpecifier">
									<Property Name="Length" Value="50" />
									<Relationship Name="Type">
										<Entry>
											<References ExternalSource="BuiltIns" Name="[varchar]" />
										</Entry>
									</Relationship>
								</Element>
							</Entry>
						</Relationship>
					</Element>
				</Entry>
				<Entry>
					<Element Type="SqlSimpleColumn" Name="[dbo].[tbStore].[address]">
						<Relationship Name="TypeSpecifier">
							<Entry>
								<Element Type="SqlTypeSpecifier">
									<Property Name="IsMax" Value="True" />
									<Relationship Name="Type">
										<Entry>
											<References ExternalSource="BuiltIns" Name="[varchar]" />
										</Entry>
									</Relationship>
								</Element>
							</Entry>
						</Relationship>
					</Element>
				</Entry>
			</Relationship>
			<Relationship Name="Schema">
				<Entry>
					<References ExternalSource="BuiltIns" Name="[dbo]" />
				</Entry>
			</Relationship>
		</Element>
		<Element Type="SqlTable" Name="[dbo].[tbSupplier]">
			<Property Name="IsAnsiNullsOn" Value="True" />
			<Relationship Name="Columns">
				<Entry>
					<Element Type="SqlSimpleColumn" Name="[dbo].[tbSupplier].[id]">
						<Property Name="IsNullable" Value="False" />
						<Property Name="IsIdentity" Value="True" />
						<Relationship Name="TypeSpecifier">
							<Entry>
								<Element Type="SqlTypeSpecifier">
									<Relationship Name="Type">
										<Entry>
											<References ExternalSource="BuiltIns" Name="[int]" />
										</Entry>
									</Relationship>
								</Element>
							</Entry>
						</Relationship>
						<Annotation Type="OnlinePropertyAnnotation" Name="[LastValue]">
							<Property Name="Value" Value="3" />
						</Annotation>
					</Element>
				</Entry>
				<Entry>
					<Element Type="SqlSimpleColumn" Name="[dbo].[tbSupplier].[supplier]">
						<Property Name="IsNullable" Value="False" />
						<Relationship Name="TypeSpecifier">
							<Entry>
								<Element Type="SqlTypeSpecifier">
									<Property Name="Length" Value="50" />
									<Relationship Name="Type">
										<Entry>
											<References ExternalSource="BuiltIns" Name="[varchar]" />
										</Entry>
									</Relationship>
								</Element>
							</Entry>
						</Relationship>
					</Element>
				</Entry>
				<Entry>
					<Element Type="SqlSimpleColumn" Name="[dbo].[tbSupplier].[address]">
						<Property Name="IsNullable" Value="False" />
						<Relationship Name="TypeSpecifier">
							<Entry>
								<Element Type="SqlTypeSpecifier">
									<Relationship Name="Type">
										<Entry>
											<References ExternalSource="BuiltIns" Name="[text]" />
										</Entry>
									</Relationship>
								</Element>
							</Entry>
						</Relationship>
					</Element>
				</Entry>
				<Entry>
					<Element Type="SqlSimpleColumn" Name="[dbo].[tbSupplier].[contactperson]">
						<Property Name="IsNullable" Value="False" />
						<Relationship Name="TypeSpecifier">
							<Entry>
								<Element Type="SqlTypeSpecifier">
									<Property Name="Length" Value="50" />
									<Relationship Name="Type">
										<Entry>
											<References ExternalSource="BuiltIns" Name="[varchar]" />
										</Entry>
									</Relationship>
								</Element>
							</Entry>
						</Relationship>
					</Element>
				</Entry>
				<Entry>
					<Element Type="SqlSimpleColumn" Name="[dbo].[tbSupplier].[phone]">
						<Property Name="IsNullable" Value="False" />
						<Relationship Name="TypeSpecifier">
							<Entry>
								<Element Type="SqlTypeSpecifier">
									<Property Name="Length" Value="50" />
									<Relationship Name="Type">
										<Entry>
											<References ExternalSource="BuiltIns" Name="[varchar]" />
										</Entry>
									</Relationship>
								</Element>
							</Entry>
						</Relationship>
					</Element>
				</Entry>
				<Entry>
					<Element Type="SqlSimpleColumn" Name="[dbo].[tbSupplier].[email]">
						<Property Name="IsNullable" Value="False" />
						<Relationship Name="TypeSpecifier">
							<Entry>
								<Element Type="SqlTypeSpecifier">
									<Property Name="Length" Value="50" />
									<Relationship Name="Type">
										<Entry>
											<References ExternalSource="BuiltIns" Name="[varchar]" />
										</Entry>
									</Relationship>
								</Element>
							</Entry>
						</Relationship>
					</Element>
				</Entry>
				<Entry>
					<Element Type="SqlSimpleColumn" Name="[dbo].[tbSupplier].[fax]">
						<Relationship Name="TypeSpecifier">
							<Entry>
								<Element Type="SqlTypeSpecifier">
									<Property Name="Length" Value="50" />
									<Relationship Name="Type">
										<Entry>
											<References ExternalSource="BuiltIns" Name="[varchar]" />
										</Entry>
									</Relationship>
								</Element>
							</Entry>
						</Relationship>
					</Element>
				</Entry>
			</Relationship>
			<Relationship Name="Schema">
				<Entry>
					<References ExternalSource="BuiltIns" Name="[dbo]" />
				</Entry>
			</Relationship>
		</Element>
		<Element Type="SqlTable" Name="[dbo].[tbUser]">
			<Property Name="IsAnsiNullsOn" Value="True" />
			<Relationship Name="Columns">
				<Entry>
					<Element Type="SqlSimpleColumn" Name="[dbo].[tbUser].[username]">
						<Property Name="IsNullable" Value="False" />
						<Relationship Name="TypeSpecifier">
							<Entry>
								<Element Type="SqlTypeSpecifier">
									<Property Name="Length" Value="50" />
									<Relationship Name="Type">
										<Entry>
											<References ExternalSource="BuiltIns" Name="[varchar]" />
										</Entry>
									</Relationship>
								</Element>
							</Entry>
						</Relationship>
					</Element>
				</Entry>
				<Entry>
					<Element Type="SqlSimpleColumn" Name="[dbo].[tbUser].[password]">
						<Property Name="IsNullable" Value="False" />
						<Relationship Name="TypeSpecifier">
							<Entry>
								<Element Type="SqlTypeSpecifier">
									<Property Name="Length" Value="50" />
									<Relationship Name="Type">
										<Entry>
											<References ExternalSource="BuiltIns" Name="[varchar]" />
										</Entry>
									</Relationship>
								</Element>
							</Entry>
						</Relationship>
					</Element>
				</Entry>
				<Entry>
					<Element Type="SqlSimpleColumn" Name="[dbo].[tbUser].[role]">
						<Property Name="IsNullable" Value="False" />
						<Relationship Name="TypeSpecifier">
							<Entry>
								<Element Type="SqlTypeSpecifier">
									<Property Name="Length" Value="50" />
									<Relationship Name="Type">
										<Entry>
											<References ExternalSource="BuiltIns" Name="[varchar]" />
										</Entry>
									</Relationship>
								</Element>
							</Entry>
						</Relationship>
					</Element>
				</Entry>
				<Entry>
					<Element Type="SqlSimpleColumn" Name="[dbo].[tbUser].[name]">
						<Property Name="IsNullable" Value="False" />
						<Relationship Name="TypeSpecifier">
							<Entry>
								<Element Type="SqlTypeSpecifier">
									<Property Name="Length" Value="50" />
									<Relationship Name="Type">
										<Entry>
											<References ExternalSource="BuiltIns" Name="[varchar]" />
										</Entry>
									</Relationship>
								</Element>
							</Entry>
						</Relationship>
					</Element>
				</Entry>
				<Entry>
					<Element Type="SqlSimpleColumn" Name="[dbo].[tbUser].[isactivate]">
						<Relationship Name="TypeSpecifier">
							<Entry>
								<Element Type="SqlTypeSpecifier">
									<Property Name="Length" Value="50" />
									<Relationship Name="Type">
										<Entry>
											<References ExternalSource="BuiltIns" Name="[varchar]" />
										</Entry>
									</Relationship>
								</Element>
							</Entry>
						</Relationship>
					</Element>
				</Entry>
			</Relationship>
			<Relationship Name="Schema">
				<Entry>
					<References ExternalSource="BuiltIns" Name="[dbo]" />
				</Entry>
			</Relationship>
		</Element>
		<Element Type="SqlView" Name="[dbo].[vwCancelItems]">
			<Property Name="QueryScript">
				<Value QuotedIdentifiers="True" AnsiNulls="True"><![CDATA[
SELECT        dbo.tbCancel.transno, dbo.tbCancel.pcode, dbo.tbProduct.pdesc, 
                         dbo.tbCancel.price, dbo.tbCancel.qty, dbo.tbCancel.total, dbo.tbCancel.sdate, 
                         dbo.tbCancel.voidby, dbo.tbCancel.cancelledby, dbo.tbCancel.reason, 
                         dbo.tbCancel.action
FROM            dbo.tbCancel INNER JOIN
                         dbo.tbProduct ON dbo.tbCancel.pcode = dbo.tbProduct.pcode]]></Value>
			</Property>
			<Property Name="IsAnsiNullsOn" Value="True" />
			<Relationship Name="Columns">
				<Entry>
					<Element Type="SqlComputedColumn" Name="[dbo].[vwCancelItems].[transno]">
						<Relationship Name="ExpressionDependencies">
							<Entry>
								<References Name="[dbo].[tbCancel].[transno]" />
							</Entry>
						</Relationship>
					</Element>
				</Entry>
				<Entry>
					<Element Type="SqlComputedColumn" Name="[dbo].[vwCancelItems].[pcode]">
						<Relationship Name="ExpressionDependencies">
							<Entry>
								<References Name="[dbo].[tbCancel].[pcode]" />
							</Entry>
						</Relationship>
					</Element>
				</Entry>
				<Entry>
					<Element Type="SqlComputedColumn" Name="[dbo].[vwCancelItems].[pdesc]">
						<Relationship Name="ExpressionDependencies">
							<Entry>
								<References Name="[dbo].[tbProduct].[pdesc]" />
							</Entry>
						</Relationship>
					</Element>
				</Entry>
				<Entry>
					<Element Type="SqlComputedColumn" Name="[dbo].[vwCancelItems].[price]">
						<Relationship Name="ExpressionDependencies">
							<Entry>
								<References Name="[dbo].[tbCancel].[price]" />
							</Entry>
						</Relationship>
					</Element>
				</Entry>
				<Entry>
					<Element Type="SqlComputedColumn" Name="[dbo].[vwCancelItems].[qty]">
						<Relationship Name="ExpressionDependencies">
							<Entry>
								<References Name="[dbo].[tbCancel].[qty]" />
							</Entry>
						</Relationship>
					</Element>
				</Entry>
				<Entry>
					<Element Type="SqlComputedColumn" Name="[dbo].[vwCancelItems].[total]">
						<Relationship Name="ExpressionDependencies">
							<Entry>
								<References Name="[dbo].[tbCancel].[total]" />
							</Entry>
						</Relationship>
					</Element>
				</Entry>
				<Entry>
					<Element Type="SqlComputedColumn" Name="[dbo].[vwCancelItems].[sdate]">
						<Relationship Name="ExpressionDependencies">
							<Entry>
								<References Name="[dbo].[tbCancel].[sdate]" />
							</Entry>
						</Relationship>
					</Element>
				</Entry>
				<Entry>
					<Element Type="SqlComputedColumn" Name="[dbo].[vwCancelItems].[voidby]">
						<Relationship Name="ExpressionDependencies">
							<Entry>
								<References Name="[dbo].[tbCancel].[voidby]" />
							</Entry>
						</Relationship>
					</Element>
				</Entry>
				<Entry>
					<Element Type="SqlComputedColumn" Name="[dbo].[vwCancelItems].[cancelledby]">
						<Relationship Name="ExpressionDependencies">
							<Entry>
								<References Name="[dbo].[tbCancel].[cancelledby]" />
							</Entry>
						</Relationship>
					</Element>
				</Entry>
				<Entry>
					<Element Type="SqlComputedColumn" Name="[dbo].[vwCancelItems].[reason]">
						<Relationship Name="ExpressionDependencies">
							<Entry>
								<References Name="[dbo].[tbCancel].[reason]" />
							</Entry>
						</Relationship>
					</Element>
				</Entry>
				<Entry>
					<Element Type="SqlComputedColumn" Name="[dbo].[vwCancelItems].[action]">
						<Relationship Name="ExpressionDependencies">
							<Entry>
								<References Name="[dbo].[tbCancel].[action]" />
							</Entry>
						</Relationship>
					</Element>
				</Entry>
			</Relationship>
			<Relationship Name="QueryDependencies">
				<Entry>
					<References Name="[dbo].[tbCancel]" />
				</Entry>
				<Entry>
					<References Name="[dbo].[tbProduct]" />
				</Entry>
				<Entry>
					<References Name="[dbo].[tbCancel].[pcode]" />
				</Entry>
				<Entry>
					<References Name="[dbo].[tbProduct].[pcode]" />
				</Entry>
				<Entry>
					<References Name="[dbo].[tbCancel].[transno]" />
				</Entry>
				<Entry>
					<References Name="[dbo].[tbProduct].[pdesc]" />
				</Entry>
				<Entry>
					<References Name="[dbo].[tbCancel].[price]" />
				</Entry>
				<Entry>
					<References Name="[dbo].[tbCancel].[qty]" />
				</Entry>
				<Entry>
					<References Name="[dbo].[tbCancel].[total]" />
				</Entry>
				<Entry>
					<References Name="[dbo].[tbCancel].[sdate]" />
				</Entry>
				<Entry>
					<References Name="[dbo].[tbCancel].[voidby]" />
				</Entry>
				<Entry>
					<References Name="[dbo].[tbCancel].[cancelledby]" />
				</Entry>
				<Entry>
					<References Name="[dbo].[tbCancel].[reason]" />
				</Entry>
				<Entry>
					<References Name="[dbo].[tbCancel].[action]" />
				</Entry>
			</Relationship>
			<Relationship Name="Schema">
				<Entry>
					<References ExternalSource="BuiltIns" Name="[dbo]" />
				</Entry>
			</Relationship>
			<Annotation Type="SysCommentsObjectAnnotation">
				<Property Name="Length" Value="483" />
				<Property Name="StartLine" Value="1" />
				<Property Name="StartColumn" Value="1" />
				<Property Name="HeaderContents" Value="CREATE VIEW dbo.vwCancelItems&#xD;&#xA;AS" />
			</Annotation>
		</Element>
		<Element Type="SqlView" Name="[dbo].[vwCriticalItems]">
			<Property Name="QueryScript">
				<Value QuotedIdentifiers="True" AnsiNulls="True"><![CDATA[
SELECT        dbo.tbProduct.pcode, dbo.tbProduct.barcode, dbo.tbProduct.pdesc, 
                         dbo.tbBrand.brand, dbo.tbCategory.category, dbo.tbProduct.price, 
                         dbo.tbProduct.reorder, dbo.tbProduct.qty
FROM            dbo.tbProduct INNER JOIN
                         dbo.tbCategory ON dbo.tbProduct.cid = dbo.tbCategory.id INNER JOIN
                         dbo.tbBrand ON dbo.tbProduct.bid = dbo.tbBrand.id
WHERE        (dbo.tbProduct.qty <= dbo.tbProduct.reorder)]]></Value>
			</Property>
			<Property Name="IsAnsiNullsOn" Value="True" />
			<Relationship Name="Columns">
				<Entry>
					<Element Type="SqlComputedColumn" Name="[dbo].[vwCriticalItems].[pcode]">
						<Relationship Name="ExpressionDependencies">
							<Entry>
								<References Name="[dbo].[tbProduct].[pcode]" />
							</Entry>
						</Relationship>
					</Element>
				</Entry>
				<Entry>
					<Element Type="SqlComputedColumn" Name="[dbo].[vwCriticalItems].[barcode]">
						<Relationship Name="ExpressionDependencies">
							<Entry>
								<References Name="[dbo].[tbProduct].[barcode]" />
							</Entry>
						</Relationship>
					</Element>
				</Entry>
				<Entry>
					<Element Type="SqlComputedColumn" Name="[dbo].[vwCriticalItems].[pdesc]">
						<Relationship Name="ExpressionDependencies">
							<Entry>
								<References Name="[dbo].[tbProduct].[pdesc]" />
							</Entry>
						</Relationship>
					</Element>
				</Entry>
				<Entry>
					<Element Type="SqlComputedColumn" Name="[dbo].[vwCriticalItems].[brand]">
						<Relationship Name="ExpressionDependencies">
							<Entry>
								<References Name="[dbo].[tbBrand].[brand]" />
							</Entry>
						</Relationship>
					</Element>
				</Entry>
				<Entry>
					<Element Type="SqlComputedColumn" Name="[dbo].[vwCriticalItems].[category]">
						<Relationship Name="ExpressionDependencies">
							<Entry>
								<References Name="[dbo].[tbCategory].[category]" />
							</Entry>
						</Relationship>
					</Element>
				</Entry>
				<Entry>
					<Element Type="SqlComputedColumn" Name="[dbo].[vwCriticalItems].[price]">
						<Relationship Name="ExpressionDependencies">
							<Entry>
								<References Name="[dbo].[tbProduct].[price]" />
							</Entry>
						</Relationship>
					</Element>
				</Entry>
				<Entry>
					<Element Type="SqlComputedColumn" Name="[dbo].[vwCriticalItems].[reorder]">
						<Relationship Name="ExpressionDependencies">
							<Entry>
								<References Name="[dbo].[tbProduct].[reorder]" />
							</Entry>
						</Relationship>
					</Element>
				</Entry>
				<Entry>
					<Element Type="SqlComputedColumn" Name="[dbo].[vwCriticalItems].[qty]">
						<Relationship Name="ExpressionDependencies">
							<Entry>
								<References Name="[dbo].[tbProduct].[qty]" />
							</Entry>
						</Relationship>
					</Element>
				</Entry>
			</Relationship>
			<Relationship Name="QueryDependencies">
				<Entry>
					<References Name="[dbo].[tbProduct]" />
				</Entry>
				<Entry>
					<References Name="[dbo].[tbCategory]" />
				</Entry>
				<Entry>
					<References Name="[dbo].[tbProduct].[cid]" />
				</Entry>
				<Entry>
					<References Name="[dbo].[tbCategory].[id]" />
				</Entry>
				<Entry>
					<References Name="[dbo].[tbBrand]" />
				</Entry>
				<Entry>
					<References Name="[dbo].[tbProduct].[bid]" />
				</Entry>
				<Entry>
					<References Name="[dbo].[tbBrand].[id]" />
				</Entry>
				<Entry>
					<References Name="[dbo].[tbProduct].[pcode]" />
				</Entry>
				<Entry>
					<References Name="[dbo].[tbProduct].[barcode]" />
				</Entry>
				<Entry>
					<References Name="[dbo].[tbProduct].[pdesc]" />
				</Entry>
				<Entry>
					<References Name="[dbo].[tbBrand].[brand]" />
				</Entry>
				<Entry>
					<References Name="[dbo].[tbCategory].[category]" />
				</Entry>
				<Entry>
					<References Name="[dbo].[tbProduct].[price]" />
				</Entry>
				<Entry>
					<References Name="[dbo].[tbProduct].[reorder]" />
				</Entry>
				<Entry>
					<References Name="[dbo].[tbProduct].[qty]" />
				</Entry>
			</Relationship>
			<Relationship Name="Schema">
				<Entry>
					<References ExternalSource="BuiltIns" Name="[dbo]" />
				</Entry>
			</Relationship>
			<Annotation Type="SysCommentsObjectAnnotation">
				<Property Name="Length" Value="545" />
				<Property Name="StartLine" Value="1" />
				<Property Name="StartColumn" Value="1" />
				<Property Name="HeaderContents" Value="CREATE VIEW dbo.vwCriticalItems&#xD;&#xA;AS" />
			</Annotation>
		</Element>
		<Element Type="SqlView" Name="[dbo].[vwInventoryList]">
			<Property Name="QueryScript">
				<Value QuotedIdentifiers="True" AnsiNulls="True"><![CDATA[
SELECT        dbo.tbProduct.pcode, dbo.tbProduct.barcode, dbo.tbProduct.pdesc, 
                         dbo.tbBrand.brand, dbo.tbCategory.category, dbo.tbProduct.price, 
                         dbo.tbProduct.qty, dbo.tbProduct.reorder
FROM            dbo.tbProduct INNER JOIN
                         dbo.tbCategory ON dbo.tbProduct.cid = dbo.tbCategory.id INNER JOIN
                         dbo.tbBrand ON dbo.tbProduct.bid = dbo.tbBrand.id]]></Value>
			</Property>
			<Property Name="IsAnsiNullsOn" Value="True" />
			<Relationship Name="Columns">
				<Entry>
					<Element Type="SqlComputedColumn" Name="[dbo].[vwInventoryList].[pcode]">
						<Relationship Name="ExpressionDependencies">
							<Entry>
								<References Name="[dbo].[tbProduct].[pcode]" />
							</Entry>
						</Relationship>
					</Element>
				</Entry>
				<Entry>
					<Element Type="SqlComputedColumn" Name="[dbo].[vwInventoryList].[barcode]">
						<Relationship Name="ExpressionDependencies">
							<Entry>
								<References Name="[dbo].[tbProduct].[barcode]" />
							</Entry>
						</Relationship>
					</Element>
				</Entry>
				<Entry>
					<Element Type="SqlComputedColumn" Name="[dbo].[vwInventoryList].[pdesc]">
						<Relationship Name="ExpressionDependencies">
							<Entry>
								<References Name="[dbo].[tbProduct].[pdesc]" />
							</Entry>
						</Relationship>
					</Element>
				</Entry>
				<Entry>
					<Element Type="SqlComputedColumn" Name="[dbo].[vwInventoryList].[brand]">
						<Relationship Name="ExpressionDependencies">
							<Entry>
								<References Name="[dbo].[tbBrand].[brand]" />
							</Entry>
						</Relationship>
					</Element>
				</Entry>
				<Entry>
					<Element Type="SqlComputedColumn" Name="[dbo].[vwInventoryList].[category]">
						<Relationship Name="ExpressionDependencies">
							<Entry>
								<References Name="[dbo].[tbCategory].[category]" />
							</Entry>
						</Relationship>
					</Element>
				</Entry>
				<Entry>
					<Element Type="SqlComputedColumn" Name="[dbo].[vwInventoryList].[price]">
						<Relationship Name="ExpressionDependencies">
							<Entry>
								<References Name="[dbo].[tbProduct].[price]" />
							</Entry>
						</Relationship>
					</Element>
				</Entry>
				<Entry>
					<Element Type="SqlComputedColumn" Name="[dbo].[vwInventoryList].[qty]">
						<Relationship Name="ExpressionDependencies">
							<Entry>
								<References Name="[dbo].[tbProduct].[qty]" />
							</Entry>
						</Relationship>
					</Element>
				</Entry>
				<Entry>
					<Element Type="SqlComputedColumn" Name="[dbo].[vwInventoryList].[reorder]">
						<Relationship Name="ExpressionDependencies">
							<Entry>
								<References Name="[dbo].[tbProduct].[reorder]" />
							</Entry>
						</Relationship>
					</Element>
				</Entry>
			</Relationship>
			<Relationship Name="QueryDependencies">
				<Entry>
					<References Name="[dbo].[tbProduct]" />
				</Entry>
				<Entry>
					<References Name="[dbo].[tbCategory]" />
				</Entry>
				<Entry>
					<References Name="[dbo].[tbProduct].[cid]" />
				</Entry>
				<Entry>
					<References Name="[dbo].[tbCategory].[id]" />
				</Entry>
				<Entry>
					<References Name="[dbo].[tbBrand]" />
				</Entry>
				<Entry>
					<References Name="[dbo].[tbProduct].[bid]" />
				</Entry>
				<Entry>
					<References Name="[dbo].[tbBrand].[id]" />
				</Entry>
				<Entry>
					<References Name="[dbo].[tbProduct].[pcode]" />
				</Entry>
				<Entry>
					<References Name="[dbo].[tbProduct].[barcode]" />
				</Entry>
				<Entry>
					<References Name="[dbo].[tbProduct].[pdesc]" />
				</Entry>
				<Entry>
					<References Name="[dbo].[tbBrand].[brand]" />
				</Entry>
				<Entry>
					<References Name="[dbo].[tbCategory].[category]" />
				</Entry>
				<Entry>
					<References Name="[dbo].[tbProduct].[price]" />
				</Entry>
				<Entry>
					<References Name="[dbo].[tbProduct].[qty]" />
				</Entry>
				<Entry>
					<References Name="[dbo].[tbProduct].[reorder]" />
				</Entry>
			</Relationship>
			<Relationship Name="Schema">
				<Entry>
					<References ExternalSource="BuiltIns" Name="[dbo]" />
				</Entry>
			</Relationship>
			<Annotation Type="SysCommentsObjectAnnotation">
				<Property Name="Length" Value="486" />
				<Property Name="StartLine" Value="1" />
				<Property Name="StartColumn" Value="1" />
				<Property Name="HeaderContents" Value="CREATE VIEW dbo.vwInventoryList&#xD;&#xA;AS" />
			</Annotation>
		</Element>
		<Element Type="SqlView" Name="[dbo].[vwStockIn]">
			<Property Name="QueryScript">
				<Value QuotedIdentifiers="True" AnsiNulls="True"><![CDATA[
SELECT        dbo.tbStockIn.id, dbo.tbStockIn.refno, dbo.tbStockIn.pcode, dbo.tbProduct.pdesc, 
                         dbo.tbStockIn.qty, dbo.tbStockIn.sdate, dbo.tbStockIn.stockinby, 
                         dbo.tbStockIn.status, dbo.tbSupplier.supplier
FROM            dbo.tbProduct INNER JOIN
                         dbo.tbStockIn ON dbo.tbProduct.pcode = dbo.tbStockIn.pcode INNER JOIN
                         dbo.tbSupplier ON dbo.tbStockIn.supplierid = dbo.tbSupplier.id]]></Value>
			</Property>
			<Property Name="IsAnsiNullsOn" Value="True" />
			<Relationship Name="Columns">
				<Entry>
					<Element Type="SqlComputedColumn" Name="[dbo].[vwStockIn].[id]">
						<Relationship Name="ExpressionDependencies">
							<Entry>
								<References Name="[dbo].[tbStockIn].[id]" />
							</Entry>
						</Relationship>
					</Element>
				</Entry>
				<Entry>
					<Element Type="SqlComputedColumn" Name="[dbo].[vwStockIn].[refno]">
						<Relationship Name="ExpressionDependencies">
							<Entry>
								<References Name="[dbo].[tbStockIn].[refno]" />
							</Entry>
						</Relationship>
					</Element>
				</Entry>
				<Entry>
					<Element Type="SqlComputedColumn" Name="[dbo].[vwStockIn].[pcode]">
						<Relationship Name="ExpressionDependencies">
							<Entry>
								<References Name="[dbo].[tbStockIn].[pcode]" />
							</Entry>
						</Relationship>
					</Element>
				</Entry>
				<Entry>
					<Element Type="SqlComputedColumn" Name="[dbo].[vwStockIn].[pdesc]">
						<Relationship Name="ExpressionDependencies">
							<Entry>
								<References Name="[dbo].[tbProduct].[pdesc]" />
							</Entry>
						</Relationship>
					</Element>
				</Entry>
				<Entry>
					<Element Type="SqlComputedColumn" Name="[dbo].[vwStockIn].[qty]">
						<Relationship Name="ExpressionDependencies">
							<Entry>
								<References Name="[dbo].[tbStockIn].[qty]" />
							</Entry>
						</Relationship>
					</Element>
				</Entry>
				<Entry>
					<Element Type="SqlComputedColumn" Name="[dbo].[vwStockIn].[sdate]">
						<Relationship Name="ExpressionDependencies">
							<Entry>
								<References Name="[dbo].[tbStockIn].[sdate]" />
							</Entry>
						</Relationship>
					</Element>
				</Entry>
				<Entry>
					<Element Type="SqlComputedColumn" Name="[dbo].[vwStockIn].[stockinby]">
						<Relationship Name="ExpressionDependencies">
							<Entry>
								<References Name="[dbo].[tbStockIn].[stockinby]" />
							</Entry>
						</Relationship>
					</Element>
				</Entry>
				<Entry>
					<Element Type="SqlComputedColumn" Name="[dbo].[vwStockIn].[status]">
						<Relationship Name="ExpressionDependencies">
							<Entry>
								<References Name="[dbo].[tbStockIn].[status]" />
							</Entry>
						</Relationship>
					</Element>
				</Entry>
				<Entry>
					<Element Type="SqlComputedColumn" Name="[dbo].[vwStockIn].[supplier]">
						<Relationship Name="ExpressionDependencies">
							<Entry>
								<References Name="[dbo].[tbSupplier].[supplier]" />
							</Entry>
						</Relationship>
					</Element>
				</Entry>
			</Relationship>
			<Relationship Name="QueryDependencies">
				<Entry>
					<References Name="[dbo].[tbProduct]" />
				</Entry>
				<Entry>
					<References Name="[dbo].[tbStockIn]" />
				</Entry>
				<Entry>
					<References Name="[dbo].[tbProduct].[pcode]" />
				</Entry>
				<Entry>
					<References Name="[dbo].[tbStockIn].[pcode]" />
				</Entry>
				<Entry>
					<References Name="[dbo].[tbSupplier]" />
				</Entry>
				<Entry>
					<References Name="[dbo].[tbStockIn].[supplierid]" />
				</Entry>
				<Entry>
					<References Name="[dbo].[tbSupplier].[id]" />
				</Entry>
				<Entry>
					<References Name="[dbo].[tbStockIn].[id]" />
				</Entry>
				<Entry>
					<References Name="[dbo].[tbStockIn].[refno]" />
				</Entry>
				<Entry>
					<References Name="[dbo].[tbStockIn].[pcode]" />
				</Entry>
				<Entry>
					<References Name="[dbo].[tbProduct].[pdesc]" />
				</Entry>
				<Entry>
					<References Name="[dbo].[tbStockIn].[qty]" />
				</Entry>
				<Entry>
					<References Name="[dbo].[tbStockIn].[sdate]" />
				</Entry>
				<Entry>
					<References Name="[dbo].[tbStockIn].[stockinby]" />
				</Entry>
				<Entry>
					<References Name="[dbo].[tbStockIn].[status]" />
				</Entry>
				<Entry>
					<References Name="[dbo].[tbSupplier].[supplier]" />
				</Entry>
			</Relationship>
			<Relationship Name="Schema">
				<Entry>
					<References ExternalSource="BuiltIns" Name="[dbo]" />
				</Entry>
			</Relationship>
			<Annotation Type="SysCommentsObjectAnnotation">
				<Property Name="Length" Value="517" />
				<Property Name="StartLine" Value="1" />
				<Property Name="StartColumn" Value="1" />
				<Property Name="HeaderContents" Value="CREATE VIEW dbo.vwStockIn&#xD;&#xA;AS" />
			</Annotation>
		</Element>
		<Element Type="SqlView" Name="[dbo].[vwTopSelling]">
			<Property Name="QueryScript">
				<Value QuotedIdentifiers="True" AnsiNulls="True"><![CDATA[
SELECT        dbo.tbCart.pcode, dbo.tbProduct.pdesc, dbo.tbCart.qty, dbo.tbCart.sdate, 
                         dbo.tbCart.total, dbo.tbCart.status
FROM            dbo.tbCart INNER JOIN
                         dbo.tbProduct ON dbo.tbCart.pcode = dbo.tbProduct.pcode]]></Value>
			</Property>
			<Property Name="IsAnsiNullsOn" Value="True" />
			<Relationship Name="Columns">
				<Entry>
					<Element Type="SqlComputedColumn" Name="[dbo].[vwTopSelling].[pcode]">
						<Relationship Name="ExpressionDependencies">
							<Entry>
								<References Name="[dbo].[tbCart].[pcode]" />
							</Entry>
						</Relationship>
					</Element>
				</Entry>
				<Entry>
					<Element Type="SqlComputedColumn" Name="[dbo].[vwTopSelling].[pdesc]">
						<Relationship Name="ExpressionDependencies">
							<Entry>
								<References Name="[dbo].[tbProduct].[pdesc]" />
							</Entry>
						</Relationship>
					</Element>
				</Entry>
				<Entry>
					<Element Type="SqlComputedColumn" Name="[dbo].[vwTopSelling].[qty]">
						<Relationship Name="ExpressionDependencies">
							<Entry>
								<References Name="[dbo].[tbCart].[qty]" />
							</Entry>
						</Relationship>
					</Element>
				</Entry>
				<Entry>
					<Element Type="SqlComputedColumn" Name="[dbo].[vwTopSelling].[sdate]">
						<Relationship Name="ExpressionDependencies">
							<Entry>
								<References Name="[dbo].[tbCart].[sdate]" />
							</Entry>
						</Relationship>
					</Element>
				</Entry>
				<Entry>
					<Element Type="SqlComputedColumn" Name="[dbo].[vwTopSelling].[total]">
						<Relationship Name="ExpressionDependencies">
							<Entry>
								<References Name="[dbo].[tbCart].[total]" />
							</Entry>
						</Relationship>
					</Element>
				</Entry>
				<Entry>
					<Element Type="SqlComputedColumn" Name="[dbo].[vwTopSelling].[status]">
						<Relationship Name="ExpressionDependencies">
							<Entry>
								<References Name="[dbo].[tbCart].[status]" />
							</Entry>
						</Relationship>
					</Element>
				</Entry>
			</Relationship>
			<Relationship Name="QueryDependencies">
				<Entry>
					<References Name="[dbo].[tbCart]" />
				</Entry>
				<Entry>
					<References Name="[dbo].[tbProduct]" />
				</Entry>
				<Entry>
					<References Name="[dbo].[tbCart].[pcode]" />
				</Entry>
				<Entry>
					<References Name="[dbo].[tbProduct].[pcode]" />
				</Entry>
				<Entry>
					<References Name="[dbo].[tbProduct].[pdesc]" />
				</Entry>
				<Entry>
					<References Name="[dbo].[tbCart].[qty]" />
				</Entry>
				<Entry>
					<References Name="[dbo].[tbCart].[sdate]" />
				</Entry>
				<Entry>
					<References Name="[dbo].[tbCart].[total]" />
				</Entry>
				<Entry>
					<References Name="[dbo].[tbCart].[status]" />
				</Entry>
			</Relationship>
			<Relationship Name="Schema">
				<Entry>
					<References ExternalSource="BuiltIns" Name="[dbo]" />
				</Entry>
			</Relationship>
			<Annotation Type="SysCommentsObjectAnnotation">
				<Property Name="Length" Value="306" />
				<Property Name="StartLine" Value="1" />
				<Property Name="StartColumn" Value="1" />
				<Property Name="HeaderContents" Value="CREATE VIEW dbo.[vwTopSelling]&#xD;&#xA;AS" />
			</Annotation>
		</Element>
		<Element Type="SqlExtendedProperty" Name="[SqlView].[dbo].[vwCancelItems].[MS_DiagramPane1]">
			<Property Name="Value">
				<Value><![CDATA[N'[0E232FF0-B466-11cf-A24F-00AA00A3EFFF, 1.00]
Begin DesignProperties = 
   Begin PaneConfigurations = 
      Begin PaneConfiguration = 0
         NumPanes = 4
         Configuration = "(H (1[41] 4[20] 2[16] 3) )"
      End
      Begin PaneConfiguration = 1
         NumPanes = 3
         Configuration = "(H (1 [50] 4 [25] 3))"
      End
      Begin PaneConfiguration = 2
         NumPanes = 3
         Configuration = "(H (1 [50] 2 [25] 3))"
      End
      Begin PaneConfiguration = 3
         NumPanes = 3
         Configuration = "(H (4 [30] 2 [40] 3))"
      End
      Begin PaneConfiguration = 4
         NumPanes = 2
         Configuration = "(H (1 [56] 3))"
      End
      Begin PaneConfiguration = 5
         NumPanes = 2
         Configuration = "(H (2 [66] 3))"
      End
      Begin PaneConfiguration = 6
         NumPanes = 2
         Configuration = "(H (4 [50] 3))"
      End
      Begin PaneConfiguration = 7
         NumPanes = 1
         Configuration = "(V (3))"
      End
      Begin PaneConfiguration = 8
         NumPanes = 3
         Configuration = "(H (1[56] 4[18] 2) )"
      End
      Begin PaneConfiguration = 9
         NumPanes = 2
         Configuration = "(H (1 [75] 4))"
      End
      Begin PaneConfiguration = 10
         NumPanes = 2
         Configuration = "(H (1[66] 2) )"
      End
      Begin PaneConfiguration = 11
         NumPanes = 2
         Configuration = "(H (4 [60] 2))"
      End
      Begin PaneConfiguration = 12
         NumPanes = 1
         Configuration = "(H (1) )"
      End
      Begin PaneConfiguration = 13
         NumPanes = 1
         Configuration = "(V (4))"
      End
      Begin PaneConfiguration = 14
         NumPanes = 1
         Configuration = "(V (2))"
      End
      ActivePaneConfig = 0
   End
   Begin DiagramPane = 
      Begin Origin = 
         Top = 0
         Left = 0
      End
      Begin Tables = 
         Begin Table = "tbCancel"
            Begin Extent = 
               Top = 6
               Left = 38
               Bottom = 268
               Right = 206
            End
            DisplayFlags = 280
            TopColumn = 0
         End
         Begin Table = "tbProduct"
            Begin Extent = 
               Top = 6
               Left = 244
               Bottom = 141
               Right = 412
            End
            DisplayFlags = 280
            TopColumn = 0
         End
      End
   End
   Begin SQLPane = 
   End
   Begin DataPane = 
      Begin ParameterDefaults = ""
      End
      Begin ColumnWidths = 11
         Width = 284
         Width = 1500
         Width = 1500
         Width = 1500
         Width = 1500
         Width = 1500
         Width = 1500
         Width = 1500
         Width = 1500
         Width = 1500
         Width = 1500
      End
   End
   Begin CriteriaPane = 
      Begin ColumnWidths = 11
         Column = 1440
         Alias = 900
         Table = 1170
         Output = 720
         Append = 1400
         NewValue = 1170
         SortType = 1350
         SortOrder = 1410
         GroupBy = 1350
         Filter = 1350
         Or = 1350
         Or = 1350
         Or = 1350
      End
   End
End
']]></Value>
			</Property>
			<Relationship Name="Host">
				<Entry>
					<References Name="[dbo].[vwCancelItems]" />
				</Entry>
			</Relationship>
		</Element>
		<Element Type="SqlExtendedProperty" Name="[SqlView].[dbo].[vwCancelItems].[MS_DiagramPaneCount]">
			<Property Name="Value">
				<Value><![CDATA[1]]></Value>
			</Property>
			<Relationship Name="Host">
				<Entry>
					<References Name="[dbo].[vwCancelItems]" />
				</Entry>
			</Relationship>
		</Element>
		<Element Type="SqlExtendedProperty" Name="[SqlView].[dbo].[vwCriticalItems].[MS_DiagramPane1]">
			<Property Name="Value">
				<Value><![CDATA[N'[0E232FF0-B466-11cf-A24F-00AA00A3EFFF, 1.00]
Begin DesignProperties = 
   Begin PaneConfigurations = 
      Begin PaneConfiguration = 0
         NumPanes = 4
         Configuration = "(H (1[42] 4[11] 2[19] 3) )"
      End
      Begin PaneConfiguration = 1
         NumPanes = 3
         Configuration = "(H (1 [50] 4 [25] 3))"
      End
      Begin PaneConfiguration = 2
         NumPanes = 3
         Configuration = "(H (1 [50] 2 [25] 3))"
      End
      Begin PaneConfiguration = 3
         NumPanes = 3
         Configuration = "(H (4 [30] 2 [40] 3))"
      End
      Begin PaneConfiguration = 4
         NumPanes = 2
         Configuration = "(H (1 [56] 3))"
      End
      Begin PaneConfiguration = 5
         NumPanes = 2
         Configuration = "(H (2 [66] 3))"
      End
      Begin PaneConfiguration = 6
         NumPanes = 2
         Configuration = "(H (4 [50] 3))"
      End
      Begin PaneConfiguration = 7
         NumPanes = 1
         Configuration = "(V (3))"
      End
      Begin PaneConfiguration = 8
         NumPanes = 3
         Configuration = "(H (1[56] 4[18] 2) )"
      End
      Begin PaneConfiguration = 9
         NumPanes = 2
         Configuration = "(H (1 [75] 4))"
      End
      Begin PaneConfiguration = 10
         NumPanes = 2
         Configuration = "(H (1[66] 2) )"
      End
      Begin PaneConfiguration = 11
         NumPanes = 2
         Configuration = "(H (4 [60] 2))"
      End
      Begin PaneConfiguration = 12
         NumPanes = 1
         Configuration = "(H (1) )"
      End
      Begin PaneConfiguration = 13
         NumPanes = 1
         Configuration = "(V (4))"
      End
      Begin PaneConfiguration = 14
         NumPanes = 1
         Configuration = "(V (2))"
      End
      ActivePaneConfig = 0
   End
   Begin DiagramPane = 
      Begin Origin = 
         Top = 0
         Left = 0
      End
      Begin Tables = 
         Begin Table = "tbBrand"
            Begin Extent = 
               Top = 6
               Left = 38
               Bottom = 105
               Right = 206
            End
            DisplayFlags = 280
            TopColumn = 0
         End
         Begin Table = "tbCategory"
            Begin Extent = 
               Top = 6
               Left = 244
               Bottom = 105
               Right = 412
            End
            DisplayFlags = 280
            TopColumn = 0
         End
         Begin Table = "tbProduct"
            Begin Extent = 
               Top = 153
               Left = 252
               Bottom = 288
               Right = 420
            End
            DisplayFlags = 280
            TopColumn = 4
         End
      End
   End
   Begin SQLPane = 
   End
   Begin DataPane = 
      Begin ParameterDefaults = ""
      End
      Begin ColumnWidths = 9
         Width = 284
         Width = 1500
         Width = 1500
         Width = 1500
         Width = 1500
         Width = 1500
         Width = 1500
         Width = 1500
         Width = 1500
      End
   End
   Begin CriteriaPane = 
      Begin ColumnWidths = 11
         Column = 1440
         Alias = 900
         Table = 1170
         Output = 720
         Append = 1400
         NewValue = 1170
         SortType = 1350
         SortOrder = 1410
         GroupBy = 1350
         Filter = 1350
         Or = 1350
         Or = 1350
         Or = 1350
      End
   End
End
']]></Value>
			</Property>
			<Relationship Name="Host">
				<Entry>
					<References Name="[dbo].[vwCriticalItems]" />
				</Entry>
			</Relationship>
		</Element>
		<Element Type="SqlExtendedProperty" Name="[SqlView].[dbo].[vwCriticalItems].[MS_DiagramPaneCount]">
			<Property Name="Value">
				<Value><![CDATA[1]]></Value>
			</Property>
			<Relationship Name="Host">
				<Entry>
					<References Name="[dbo].[vwCriticalItems]" />
				</Entry>
			</Relationship>
		</Element>
		<Element Type="SqlExtendedProperty" Name="[SqlView].[dbo].[vwInventoryList].[MS_DiagramPane1]">
			<Property Name="Value">
				<Value><![CDATA[N'[0E232FF0-B466-11cf-A24F-00AA00A3EFFF, 1.00]
Begin DesignProperties = 
   Begin PaneConfigurations = 
      Begin PaneConfiguration = 0
         NumPanes = 4
         Configuration = "(H (1[40] 4[20] 2[20] 3) )"
      End
      Begin PaneConfiguration = 1
         NumPanes = 3
         Configuration = "(H (1 [50] 4 [25] 3))"
      End
      Begin PaneConfiguration = 2
         NumPanes = 3
         Configuration = "(H (1 [50] 2 [25] 3))"
      End
      Begin PaneConfiguration = 3
         NumPanes = 3
         Configuration = "(H (4 [30] 2 [40] 3))"
      End
      Begin PaneConfiguration = 4
         NumPanes = 2
         Configuration = "(H (1 [56] 3))"
      End
      Begin PaneConfiguration = 5
         NumPanes = 2
         Configuration = "(H (2 [66] 3))"
      End
      Begin PaneConfiguration = 6
         NumPanes = 2
         Configuration = "(H (4 [50] 3))"
      End
      Begin PaneConfiguration = 7
         NumPanes = 1
         Configuration = "(V (3))"
      End
      Begin PaneConfiguration = 8
         NumPanes = 3
         Configuration = "(H (1[56] 4[18] 2) )"
      End
      Begin PaneConfiguration = 9
         NumPanes = 2
         Configuration = "(H (1 [75] 4))"
      End
      Begin PaneConfiguration = 10
         NumPanes = 2
         Configuration = "(H (1[66] 2) )"
      End
      Begin PaneConfiguration = 11
         NumPanes = 2
         Configuration = "(H (4 [60] 2))"
      End
      Begin PaneConfiguration = 12
         NumPanes = 1
         Configuration = "(H (1) )"
      End
      Begin PaneConfiguration = 13
         NumPanes = 1
         Configuration = "(V (4))"
      End
      Begin PaneConfiguration = 14
         NumPanes = 1
         Configuration = "(V (2))"
      End
      ActivePaneConfig = 0
   End
   Begin DiagramPane = 
      Begin Origin = 
         Top = 0
         Left = 0
      End
      Begin Tables = 
         Begin Table = "tbBrand"
            Begin Extent = 
               Top = 6
               Left = 38
               Bottom = 105
               Right = 206
            End
            DisplayFlags = 280
            TopColumn = 0
         End
         Begin Table = "tbCategory"
            Begin Extent = 
               Top = 13
               Left = 430
               Bottom = 112
               Right = 598
            End
            DisplayFlags = 280
            TopColumn = 0
         End
         Begin Table = "tbProduct"
            Begin Extent = 
               Top = 164
               Left = 231
               Bottom = 299
               Right = 399
            End
            DisplayFlags = 280
            TopColumn = 4
         End
      End
   End
   Begin SQLPane = 
   End
   Begin DataPane = 
      Begin ParameterDefaults = ""
      End
      Begin ColumnWidths = 9
         Width = 284
         Width = 1500
         Width = 1500
         Width = 1500
         Width = 1500
         Width = 1500
         Width = 1500
         Width = 1500
         Width = 1500
      End
   End
   Begin CriteriaPane = 
      Begin ColumnWidths = 11
         Column = 1440
         Alias = 900
         Table = 1170
         Output = 720
         Append = 1400
         NewValue = 1170
         SortType = 1350
         SortOrder = 1410
         GroupBy = 1350
         Filter = 1350
         Or = 1350
         Or = 1350
         Or = 1350
      End
   End
End
']]></Value>
			</Property>
			<Relationship Name="Host">
				<Entry>
					<References Name="[dbo].[vwInventoryList]" />
				</Entry>
			</Relationship>
		</Element>
		<Element Type="SqlExtendedProperty" Name="[SqlView].[dbo].[vwInventoryList].[MS_DiagramPaneCount]">
			<Property Name="Value">
				<Value><![CDATA[1]]></Value>
			</Property>
			<Relationship Name="Host">
				<Entry>
					<References Name="[dbo].[vwInventoryList]" />
				</Entry>
			</Relationship>
		</Element>
		<Element Type="SqlExtendedProperty" Name="[SqlView].[dbo].[vwStockIn].[MS_DiagramPane1]">
			<Property Name="Value">
				<Value><![CDATA[N'[0E232FF0-B466-11cf-A24F-00AA00A3EFFF, 1.00]
Begin DesignProperties = 
   Begin PaneConfigurations = 
      Begin PaneConfiguration = 0
         NumPanes = 4
         Configuration = "(H (1[41] 4[12] 2[29] 3) )"
      End
      Begin PaneConfiguration = 1
         NumPanes = 3
         Configuration = "(H (1 [50] 4 [25] 3))"
      End
      Begin PaneConfiguration = 2
         NumPanes = 3
         Configuration = "(H (1 [50] 2 [25] 3))"
      End
      Begin PaneConfiguration = 3
         NumPanes = 3
         Configuration = "(H (4 [30] 2 [40] 3))"
      End
      Begin PaneConfiguration = 4
         NumPanes = 2
         Configuration = "(H (1 [56] 3))"
      End
      Begin PaneConfiguration = 5
         NumPanes = 2
         Configuration = "(H (2 [66] 3))"
      End
      Begin PaneConfiguration = 6
         NumPanes = 2
         Configuration = "(H (4 [50] 3))"
      End
      Begin PaneConfiguration = 7
         NumPanes = 1
         Configuration = "(V (3))"
      End
      Begin PaneConfiguration = 8
         NumPanes = 3
         Configuration = "(H (1[56] 4[18] 2) )"
      End
      Begin PaneConfiguration = 9
         NumPanes = 2
         Configuration = "(H (1 [75] 4))"
      End
      Begin PaneConfiguration = 10
         NumPanes = 2
         Configuration = "(H (1[66] 2) )"
      End
      Begin PaneConfiguration = 11
         NumPanes = 2
         Configuration = "(H (4 [60] 2))"
      End
      Begin PaneConfiguration = 12
         NumPanes = 1
         Configuration = "(H (1) )"
      End
      Begin PaneConfiguration = 13
         NumPanes = 1
         Configuration = "(V (4))"
      End
      Begin PaneConfiguration = 14
         NumPanes = 1
         Configuration = "(V (2))"
      End
      ActivePaneConfig = 0
   End
   Begin DiagramPane = 
      Begin Origin = 
         Top = 0
         Left = 0
      End
      Begin Tables = 
         Begin Table = "tbProduct"
            Begin Extent = 
               Top = 6
               Left = 38
               Bottom = 141
               Right = 206
            End
            DisplayFlags = 280
            TopColumn = 0
         End
         Begin Table = "tbStockIn"
            Begin Extent = 
               Top = 6
               Left = 244
               Bottom = 141
               Right = 412
            End
            DisplayFlags = 280
            TopColumn = 4
         End
         Begin Table = "tbSupplier"
            Begin Extent = 
               Top = 6
               Left = 450
               Bottom = 141
               Right = 618
            End
            DisplayFlags = 280
            TopColumn = 0
         End
      End
   End
   Begin SQLPane = 
   End
   Begin DataPane = 
      Begin ParameterDefaults = ""
      End
      Begin ColumnWidths = 10
         Width = 284
         Width = 1500
         Width = 1500
         Width = 1500
         Width = 1500
         Width = 1500
         Width = 1500
         Width = 1500
         Width = 1500
         Width = 1500
      End
   End
   Begin CriteriaPane = 
      Begin ColumnWidths = 11
         Column = 1440
         Alias = 900
         Table = 1170
         Output = 720
         Append = 1400
         NewValue = 1170
         SortType = 1350
         SortOrder = 1410
         GroupBy = 1350
         Filter = 1350
         Or = 1350
         Or = 1350
         Or = 1350
      End
   End
End
']]></Value>
			</Property>
			<Relationship Name="Host">
				<Entry>
					<References Name="[dbo].[vwStockIn]" />
				</Entry>
			</Relationship>
		</Element>
		<Element Type="SqlExtendedProperty" Name="[SqlView].[dbo].[vwStockIn].[MS_DiagramPaneCount]">
			<Property Name="Value">
				<Value><![CDATA[1]]></Value>
			</Property>
			<Relationship Name="Host">
				<Entry>
					<References Name="[dbo].[vwStockIn]" />
				</Entry>
			</Relationship>
		</Element>
		<Element Type="SqlExtendedProperty" Name="[SqlView].[dbo].[vwTopSelling].[MS_DiagramPane1]">
			<Property Name="Value">
				<Value><![CDATA[N'[0E232FF0-B466-11cf-A24F-00AA00A3EFFF, 1.00]
Begin DesignProperties = 
   Begin PaneConfigurations = 
      Begin PaneConfiguration = 0
         NumPanes = 4
         Configuration = "(H (1[41] 4[15] 2[15] 3) )"
      End
      Begin PaneConfiguration = 1
         NumPanes = 3
         Configuration = "(H (1 [50] 4 [25] 3))"
      End
      Begin PaneConfiguration = 2
         NumPanes = 3
         Configuration = "(H (1 [50] 2 [25] 3))"
      End
      Begin PaneConfiguration = 3
         NumPanes = 3
         Configuration = "(H (4 [30] 2 [40] 3))"
      End
      Begin PaneConfiguration = 4
         NumPanes = 2
         Configuration = "(H (1 [56] 3))"
      End
      Begin PaneConfiguration = 5
         NumPanes = 2
         Configuration = "(H (2 [66] 3))"
      End
      Begin PaneConfiguration = 6
         NumPanes = 2
         Configuration = "(H (4 [50] 3))"
      End
      Begin PaneConfiguration = 7
         NumPanes = 1
         Configuration = "(V (3))"
      End
      Begin PaneConfiguration = 8
         NumPanes = 3
         Configuration = "(H (1[56] 4[18] 2) )"
      End
      Begin PaneConfiguration = 9
         NumPanes = 2
         Configuration = "(H (1 [75] 4))"
      End
      Begin PaneConfiguration = 10
         NumPanes = 2
         Configuration = "(H (1[66] 2) )"
      End
      Begin PaneConfiguration = 11
         NumPanes = 2
         Configuration = "(H (4 [60] 2))"
      End
      Begin PaneConfiguration = 12
         NumPanes = 1
         Configuration = "(H (1) )"
      End
      Begin PaneConfiguration = 13
         NumPanes = 1
         Configuration = "(V (4))"
      End
      Begin PaneConfiguration = 14
         NumPanes = 1
         Configuration = "(V (2))"
      End
      ActivePaneConfig = 0
   End
   Begin DiagramPane = 
      Begin Origin = 
         Top = 0
         Left = 0
      End
      Begin Tables = 
         Begin Table = "tbCart"
            Begin Extent = 
               Top = 6
               Left = 38
               Bottom = 230
               Right = 206
            End
            DisplayFlags = 280
            TopColumn = 2
         End
         Begin Table = "tbProduct"
            Begin Extent = 
               Top = 6
               Left = 244
               Bottom = 241
               Right = 412
            End
            DisplayFlags = 280
            TopColumn = 0
         End
      End
   End
   Begin SQLPane = 
   End
   Begin DataPane = 
      Begin ParameterDefaults = ""
      End
      Begin ColumnWidths = 9
         Width = 284
         Width = 1500
         Width = 1500
         Width = 1500
         Width = 1500
         Width = 1500
         Width = 1500
         Width = 1500
         Width = 1500
      End
   End
   Begin CriteriaPane = 
      Begin ColumnWidths = 11
         Column = 1440
         Alias = 900
         Table = 1170
         Output = 720
         Append = 1400
         NewValue = 1170
         SortType = 1350
         SortOrder = 1410
         GroupBy = 1350
         Filter = 1350
         Or = 1350
         Or = 1350
         Or = 1350
      End
   End
End
']]></Value>
			</Property>
			<Relationship Name="Host">
				<Entry>
					<References Name="[dbo].[vwTopSelling]" />
				</Entry>
			</Relationship>
		</Element>
		<Element Type="SqlExtendedProperty" Name="[SqlView].[dbo].[vwTopSelling].[MS_DiagramPaneCount]">
			<Property Name="Value">
				<Value><![CDATA[1]]></Value>
			</Property>
			<Relationship Name="Host">
				<Entry>
					<References Name="[dbo].[vwTopSelling]" />
				</Entry>
			</Relationship>
		</Element>
	</Model>
</DataSchemaModel>