﻿<?xml version="1.0" encoding="utf-8"?>
<DacOrigin xmlns="http://schemas.microsoft.com/sqlserver/dac/Serialization/2012/02">
  <PackageProperties>
    <Version>3.1.0.0</Version>
    <ContainsExportedData>false</ContainsExportedData>
    <StreamVersions>
      <Version StreamName="Data">2.0.0.0</Version>
      <Version StreamName="DeploymentContributors">1.0.0.0</Version>
    </StreamVersions>
  </PackageProperties>
  <Operation>
    <Identity>385f9bb3-d165-4148-b77e-5d725de0bab8</Identity>
    <Start>2021-11-08T10:26:58.3622154+06:30</Start>
    <End>0001-01-01T00:00:00.0000000</End>
    <ProductName>Microsoft.SqlServer.Dac, Version=15.0.0.0, Culture=neutral, PublicKeyToken=b03f5f7f11d50a3a</ProductName>
    <ProductVersion>15.0.5176.1</ProductVersion>
    <ProductSchema>http://schemas.microsoft.com/sqlserver/dac/Serialization/2012/02</ProductSchema>
  </Operation>
  <Server>
    <ServerVersion>Microsoft SQL Server 2016 (SP1) (KB3182545) - 13.0.4001.0 (X64) 
	Oct 28 2016 18:17:30 
	Copyright (c) Microsoft Corporation
	Express Edition (64-bit) on Windows 10 Pro 6.3 &lt;X64&gt; (Build 17134: )
</ServerVersion>
    <ObjectCounts>
      <ComputedColumn>42</ComputedColumn>
      <DatabaseOptions>1</DatabaseOptions>
      <DefaultConstraint>8</DefaultConstraint>
      <DmlTrigger>1</DmlTrigger>
      <ExtendedProperty>10</ExtendedProperty>
      <ForeignKeyConstraint>4</ForeignKeyConstraint>
      <PrimaryKeyConstraint>9</PrimaryKeyConstraint>
      <SimpleColumn>64</SimpleColumn>
      <Table>10</Table>
      <View>5</View>
    </ObjectCounts>
  </Server>
  <Checksums>
    <Checksum Uri="/model.xml">DBE4ABA58CBC9F121FB800B5DA633C6D1C3DA7A5C21A8A2FD89347CCC1501F93</Checksum>
  </Checksums>
  <ModelSchemaVersion>2.5</ModelSchemaVersion>
</DacOrigin>